"","rdate","rtime","rno","rname","rcode","sex","age","rent","exercise","co2","distance","utime"
"1","2021-06-01",0,2169,"2169. 봉천역 2번출구","정기권","","~10대",1,"8.75","0.08",350.53,3
"3","2021-06-01",0,1282,"1282. 송파소방서 맞은편(성내4교)","정기권","","~10대",1,"26.30","0.18",772.25,6
"4","2021-06-01",0,1288,"1288. 문정중교 사거리","정기권","","~10대",1,"27.50","0.30",1285.82,5
"6","2021-06-01",0,2505,"2505. 우성아파트사거리 (기업은행앞)","정기권","","~10대",1,"12.99","0.14",585.93,4
"8","2021-06-01",0,2644,"2644.성내5교 (GS주유소)","정기권","","~10대",1,"13.89","0.09",407.96,3
"9","2021-06-01",0,2817,"2817.천왕이펜하우스5단지 앞","정기권","","~10대",1,"15.64","0.12",506.42,3
"12","2021-06-01",0,2739,"2739.수명산파크1단지교차로","정기권","","~10대",1,"0.00","0.00",0,3
"13","2021-06-01",0,1756,"1756.서울북부광역등기국","정기권","","~10대",1,"14.96","0.13",539.6,6
"15","2021-06-01",0,3508,"3508. 화양사거리","정기권","","~10대",1,"26.14","0.28",1200,6
"16","2021-06-01",0,158,"158. 독립문 어린이 공원","정기권","","~10대",1,"47.82","0.37",1610,8
"17","2021-06-01",0,2186,"2186.우리은행 낙성대역지점","정기권","","~10대",1,"17.53","0.21",922.25,4
"18","2021-06-01",0,797,"797.목동아파트 1422동 1434동 사잇길","정기권","","~10대",1,"0.00","0.00",0,4
"19","2021-06-01",0,3711,"3711. 월계2교 교차로","정기권","","~10대",1,"66.91","0.56",2413.69,11
"21","2021-06-01",0,3612,"3612. 은곡마을","정기권","","~10대",1,"45.56","0.38",1643.58,7
"22","2021-06-01",0,4518,"4518. 청기와빌딩","정기권","","~10대",1,"13.53","0.17",726.78,5
"23","2021-06-01",0,573,"573. 구의문주차장 앞","정기권","","~10대",1,"49.09","0.49",2100.94,11
"24","2021-06-01",0,1211,"1211. 방이삼거리","정기권","","~10대",1,"28.07","0.25",1090.69,7
"37","2021-06-01",0,1653,"1653. 노원역1번출구","정기권","","20대",1,"40.67","0.37",1580,10
"41","2021-06-01",0,1337,"1337. 돈암성당 옆","정기권","","20대",1,"21.81","0.25",1080,9
"42","2021-06-01",0,1964,"1964. 원메디타운 앞","정기권","","20대",1,"22.81","0.23",1010.68,7
"43","2021-06-01",0,1160,"1160. 양천향교역 7번출구앞","정기권","","20대",1,"54.63","0.36",1550,10
"44","2021-06-01",0,1162,"1162. 공항초등학교건너편","정기권","","20대",1,"12.41","0.17",728.56,8
"45","2021-06-01",0,2172,"2172. 나들목공원","정기권","","20대",1,"24.50","0.26",1104.9,7
"46","2021-06-01",0,2173,"2173. 당곡사거리","정기권","","20대",1,"33.72","0.30",1310,8
"49","2021-06-01",0,1726,"1726. 삼익세라믹아파트교차로","정기권","","20대",1,"6.97","0.08",352.12,3
"54","2021-06-01",0,2171,"2171. 서울대입구역 5번출구","정기권","","20대",2,"27.79","0.26",1113.75,7
"55","2021-06-01",0,1167,"1167. 마곡수명산파크3단지 교차로","정기권","","20대",1,"0.00","0.00",0,6
"59","2021-06-01",0,1455,"1455. 상봉역 2번 출구","정기권","","20대",1,"42.04","0.31",1327.03,6
"60","2021-06-01",0,1542,"1542. 삼양사거리역","정기권","","20대",1,"6.92","0.08",364.24,3
"63","2021-06-01",0,1729,"1729. 파리바게트앞","정기권","","20대",1,"72.13","0.47",2046.68,11
"65","2021-06-01",0,1686,"1686. 온수골사거리(스타벅스앞)","정기권","","20대",1,"37.65","0.26",1105.58,8
"67","2021-06-01",0,755,"755. 목동1단지아파트 상가 앞","정기권","","20대",1,"17.86","0.16",693.95,9
"68","2021-06-01",0,1172,"1172. 가양3동 주민센터","정기권","","20대",1,"10.81","0.15",650,3
"71","2021-06-01",0,280,"280. 양평동6차현대아파트 앞","정기권","","20대",1,"6.52","0.06",253.11,3
"72","2021-06-01",0,2066,"2066. 양문교회 앞","정기권","","20대",1,"0.00","0.00",0,11
"76","2021-06-01",0,1060,"1060. 천일초교 사거리","정기권","","20대",1,"40.80","0.26",1107.85,5
"83","2021-06-01",0,2610,"2610. 여흥레이크빌 앞 (석촌호수 까페거리)","정기권","","20대",1,"26.34","0.24",1023.12,9
"84","2021-06-01",0,290,"290. 당산동 SK V1 빌딩","정기권","","20대",1,"32.80","0.41",1762.09,9
"85","2021-06-01",0,1192,"1192. 마곡수명산파크 209동 건너편","정기권","","20대",1,"50.64","0.47",2030,9
"86","2021-06-01",0,2702,"2702. 마곡 엠밸리2단지","정기권","","20대",1,"3.39","0.05",199.33,2
"89","2021-06-01",0,765,"765. 오목교역 3번출구","정기권","","20대",1,"16.72","0.15",649.64,3
"94","2021-06-01",0,477,"477.앰배서더 호텔 주변","정기권","","20대",1,"45.91","0.41",1783.77,11
"95","2021-06-01",0,481,"481.신당역 10번 출구","정기권","","20대",1,"40.62","0.34",1444.86,10
"97","2021-06-01",0,3421,"3421.혜화역 1번출구","정기권","","20대",1,"47.77","0.29",1269.88,6
"99","2021-06-01",0,375,"375. 다산 어린이공원","정기권","","20대",1,"13.06","0.11",492.21,3
"103","2021-06-01",0,383,"383. 신당역 12번 출구 뒤","정기권","","20대",1,"48.07","0.67",2890,8
"105","2021-06-01",0,771,"771.목동아파트 703동 앞","정기권","","20대",1,"9.08","0.08",352.73,3
"108","2021-06-01",0,792,"792.목동트라팰리스 웨스턴에비뉴","정기권","","20대",1,"34.50","0.33",1428.04,11
"109","2021-06-01",0,144,"144. 공덕역 8번출구","정기권","","20대",1,"68.42","0.53",2273.5,11
"111","2021-06-01",0,2908,"2908. 광운대학교 중앙도서관","정기권","","20대",1,"0.00","0.00",0,4
"112","2021-06-01",0,2915,"2915.서울과학기술대학교(어학교육원)","정기권","","20대",1,"13.29","0.14",610,2
"120","2021-06-01",0,3120,"3120.DMC엘가아파트 앞","정기권","","20대",1,"6.75","0.07",283.97,3
"121","2021-06-01",0,982,"982.유니클로 은평점앞","정기권","","20대",1,"23.73","0.20",868.31,5
"128","2021-06-01",0,3573,"3573.광나루안전체험관","정기권","","20대",1,"20.36","0.14",584.26,2
"132","2021-06-01",0,2080,"2080.빕스 대방점 앞","정기권","","20대",1,"49.87","0.43",1851.89,11
"135","2021-06-01",0,4353,"4353. 코오롱디지털타워 3차앞","정기권","","20대",1,"84.03","0.67",2906.71,11
"137","2021-06-01",0,3780,"3780. 등촌서광아파트","정기권","","20대",1,"16.65","0.15",646.99,4
"140","2021-06-01",0,546,"546. 잠실대교북단 교차로","정기권","","20대",1,"43.19","0.32",1363.47,9
"143","2021-06-01",0,601,"601. 용신동주민센터","정기권","","20대",1,"18.41","0.16",693.73,4
"144","2021-06-01",0,3755,"3755. 어위쉬예다인오피스텔","정기권","","20대",1,"29.65","0.22",960,5
"145","2021-06-01",0,602,"602. 장안동 사거리","정기권","","20대",1,"34.42","0.27",1158.91,7
"146","2021-06-01",0,4803,"4803. 상봉2동 주민센터 앞","정기권","","20대",1,"22.99","0.22",967.72,8
"148","2021-06-01",0,4813,"4813. 망우로 버거킹 앞","정기권","","20대",1,"31.93","0.30",1280,10
"149","2021-06-01",0,605,"605. 신설동역8번출구","정기권","","20대",1,"36.25","0.33",1408.25,11
"152","2021-06-01",0,4005,"4005. 중계2차 한화꿈에그린 101동 인근","정기권","","20대",1,"41.62","0.42",1812.09,9
"153","2021-06-01",0,4008,"4008. 하계 어린이 공원","정기권","","20대",1,"16.75","0.20",845.74,9
"155","2021-06-01",0,4028,"4028. 한일유앤아이아파트 105동 인근","정기권","","20대",1,"75.68","0.42",1820,6
"157","2021-06-01",0,4062,"4062. 평화도봉공원 주변","정기권","","20대",1,"50.96","0.41",1762.74,11
"162","2021-06-01",0,242,"242. 신길선원가와인아파트 앞","정기권","","20대",1,"32.58","0.26",1126.95,5
"163","2021-06-01",0,244,"244. 영등포삼환아파트 앞","정기권","","20대",2,"35.33","0.36",1523.48,11
"164","2021-06-01",0,255,"255. 도림사거리","정기권","","20대",1,"14.62","0.16",710,7
"167","2021-06-01",0,713,"713. 양서중학교 옆","정기권","","20대",1,"0.00","0.00",0,5
"168","2021-06-01",0,184,"184. SK망원동주유소 건너편","정기권","","20대",1,"24.35","0.31",1336.5,9
"170","2021-06-01",0,134,"134. 연세로 명물길","정기권","","20대",1,"27.64","0.27",1163.11,11
"172","2021-06-01",0,137,"137. NH농협 신촌지점 앞","정기권","","20대",1,"108.29","0.91",3906.62,11
"178","2021-06-01",0,822,"822. 이촌1동 마을공원","정기권","","20대",1,"35.78","0.32",1390,11
"179","2021-06-01",0,585,"585. 성수2가1동 공영주차장 인근","정기권","","20대",1,"32.89","0.35",1510.01,11
"180","2021-06-01",0,904,"904. 은평뉴타운 푸르지오","정기권","","20대",1,"28.78","0.26",1118.04,9
"181","2021-06-01",0,905,"905. 구파발역 2번출구","정기권","","20대",1,"0.00","0.00",0,9
"182","2021-06-01",0,909,"909. 백련산 힐스테이트 3차","정기권","","20대",1,"0.00","0.00",0,11
"187","2021-06-01",0,1102,"1102. 방화사거리 마을버스 버스정류장","정기권","","20대",1,"15.68","0.15",660,6
"194","2021-06-01",0,1425,"1425. 용마문화복지센터","정기권","","20대",1,"28.62","0.21",926.64,6
"197","2021-06-01",0,215,"215. 여의도고교 앞","정기권","","20대",1,"77.01","0.66",2860,10
"201","2021-06-01",0,1321,"1321. 국민은행 종암동지점 앞","정기권","","20대",2,"32.88","0.36",1551.24,10
"203","2021-06-01",0,1920,"1920. 서울미래초등학교 사거리","정기권","","20대",1,"53.97","0.45",1919.57,10
"204","2021-06-01",0,2016,"2016. 신대방삼거리역 3번출구쪽","정기권","","20대",1,"31.81","0.26",1115.63,7
"206","2021-06-01",0,2112,"2112. 서울대입구역 마에스트로","정기권","","20대",1,"33.80","0.26",1123.2,5
"209","2021-06-01",0,1619,"1619. 중계동 하나프라자빌딩 앞(중1-1)","정기권","","20대",1,"16.14","0.16",702.55,5
"213","2021-06-01",0,2326,"2326. 대치동 삼성로","정기권","","20대",1,"54.80","0.46",1976.75,10
"215","2021-06-01",0,1110,"1110. 공항중학교앞","정기권","","20대",1,"36.69","0.25",1090,6
"216","2021-06-01",0,1103,"1103. 방화역 4번출구앞","정기권","","20대",1,"13.35","0.09",406.26,2
"218","2021-06-01",0,1212,"1212. 송파역 2번 출구앞","정기권","","20대",1,"35.05","0.23",983.46,9
"219","2021-06-01",0,1430,"1430. 중랑구청","정기권","","20대",1,"29.46","0.29",1240,5
"220","2021-06-01",0,1433,"1433. 중화역 2번출구","정기권","","20대",1,"41.58","0.32",1400,9
"222","2021-06-01",0,1630,"1630. 수연빌딩 앞","정기권","","20대",1,"8.45","0.10",444.78,3
"223","2021-06-01",0,1941,"1941. 오류동역 2번출구","정기권","","20대",1,"21.84","0.20",848.54,6
"224","2021-06-01",0,2109,"2109. 은천로입구 가로공원","정기권","","20대",2,"41.02","0.34",1480,8
"225","2021-06-01",0,1218,"1218. 방이역 4번출구","정기권","","20대",1,"23.18","0.21",900.65,6
"231","2021-06-01",0,2355,"2355. 삼성역 5~6번 출구 사이","정기권","","20대",1,"24.08","0.22",950,8
"235","2021-06-01",0,426,"426. 서울신용보증재단","정기권","","20대",1,"34.89","0.28",1223.68,8
"239","2021-06-01",0,1032,"1032. 선사고등학교","정기권","","30대",1,"34.77","0.24",1032.9,5
"241","2021-06-01",0,1157,"1157. 강서구청","정기권","","30대",1,"47.77","0.37",1608.57,7
"245","2021-06-01",0,3509,"3509. 세종사이버대학교","정기권","","30대",1,"16.70","0.13",570,3
"248","2021-06-01",0,1050,"1050.  둔촌역 3번 출입구","정기권","","30대",1,"26.71","0.17",749.42,9
"250","2021-06-01",0,1988,"1988. 고척LIGA아파트 앞","정기권","","30대",1,"30.14","0.23",975.66,10
"251","2021-06-01",0,659,"659. 제기역1번출구","정기권","","30대",1,"0.00","0.00",0,6
"252","2021-06-01",0,117,"117. 홍은사거리","정기권","","30대",1,"65.30","0.45",1940,11
"254","2021-06-01",0,361,"361. 동묘앞역 1번출구 뒤","정기권","","30대",1,"78.41","0.46",1980,11
"255","2021-06-01",0,3418,"3418.창신역2번 출구","정기권","","30대",1,"26.14","0.20",880,4
"257","2021-06-01",0,2649,"2649.오금공원사거리2","정기권","","30대",1,"39.62","0.20",870,3
"258","2021-06-01",0,2423,"2423.영희초교 사거리(래미안개포루체하임)","정기권","","30대",1,"22.97","0.13",580,3
"262","2021-06-01",0,2720,"2720.힐스테이트에코","정기권","","30대",1,"39.40","0.36",1530.61,10
"263","2021-06-01",0,146,"146. 마포역 2번출구 뒤","정기권","","30대",1,"23.38","0.19",820,3
"264","2021-06-01",0,2724,"2724.(재)FITI시험연구원","정기권","","30대",1,"35.40","0.30",1277.16,8
"267","2021-06-01",0,1554,"1554.번동사거리","정기권","","30대",1,"41.00","0.23",986,6
"269","2021-06-01",0,849,"849. 삼각지 자이아파트","정기권","","30대",1,"11.80","0.08",350.43,1
"272","2021-06-01",0,1470,"1470.중화동 우리은행 앞","정기권","","30대",1,"34.23","0.31",1330,6
"277","2021-06-01",0,3614,"3614. 은마아파트 입구 사거리","정기권","","30대",1,"35.01","0.28",1227.78,8
"278","2021-06-01",0,609,"609. 제기2교","정기권","","30대",1,"10.02","0.11",459.97,8
"279","2021-06-01",0,247,"247. 당산역 10번출구 앞","정기권","","30대",1,"12.77","0.10",430,2
"280","2021-06-01",0,253,"253. 신풍역 5번출구 인근","정기권","","30대",1,"44.02","0.40",1710,9
"282","2021-06-01",0,633,"633. 청량리 기업은행 앞","정기권","","30대",1,"38.35","0.35",1490,8
"283","2021-06-01",0,634,"634. 외국어대 정문 앞","정기권","","30대",1,"29.84","0.27",1159.44,8
"284","2021-06-01",0,636,"636. 세종대왕기념관 교차로","정기권","","30대",1,"54.54","0.36",1530.29,5
"286","2021-06-01",0,922,"922. 연신내역 4번출구","정기권","","30대",1,"37.78","0.25",1060,8
"287","2021-06-01",0,930,"930. 구 서부경찰서 건너편","정기권","","30대",1,"26.68","0.31",1347.26,8
"288","2021-06-01",0,1022,"1022. 길동 사거리(초소앞)","정기권","","30대",1,"23.16","0.19",812.25,3
"289","2021-06-01",0,589,"589. 성수역3번출구","정기권","","30대",1,"27.56","0.22",928.05,8
"295","2021-06-01",0,1606,"1606. 태릉입구역 3번출구 ","정기권","","30대",1,"40.93","0.37",1590,8
"297","2021-06-01",0,1525,"1525. 미아동 복합청사","정기권","","30대",1,"54.62","0.32",1379.38,7
"298","2021-06-01",0,222,"222. 시범아파트버스정류장 옆","정기권","","30대",1,"21.21","0.15",630,3
"300","2021-06-01",0,2222,"2222.사당역 12번출구 뒤","정기권","","30대",1,"52.12","0.34",1462.4,8
"304","2021-06-01",0,1125,"1125. 명덕고교입구(영종빌딩)","정기권","","30대",1,"47.12","0.39",1700,9
"308","2021-06-01",0,2034,"2034. 사당역 7번출구쪽","정기권","","30대",1,"41.74","0.27",1171.16,7
"310","2021-06-01",0,3500,"3500. 군자역2번출구","정기권","","30대",1,"28.82","0.19",808.7,4
"314","2021-06-01",0,1030,"1030. 미호 플랜트 앞","정기권","","40대",1,"21.75","0.25",1098.64,6
"315","2021-06-01",0,1653,"1653. 노원역1번출구","정기권","","40대",1,"32.62","0.25",1098.38,9
"316","2021-06-01",0,115,"115. 마스타 빌딩 앞","정기권","","40대",1,"18.02","0.16",700,3
"317","2021-06-01",0,1160,"1160. 양천향교역 7번출구앞","정기권","","40대",1,"9.50","0.06",240,1
"319","2021-06-01",0,277,"277. 영등포뉴타운지하상가 2번게이트","정기권","","40대",1,"19.56","0.18",760,6
"323","2021-06-01",0,291,"291. 문래동 하이테크 시티","정기권","","40대",1,"25.07","0.22",930.99,4
"325","2021-06-01",0,483,"483.남산타운아파트 버스정류장","정기권","","40대",1,"9.57","0.09",371.97,7
"328","2021-06-01",0,144,"144. 공덕역 8번출구","정기권","","40대",1,"22.82","0.16",670,4
"329","2021-06-01",0,2909,"2909. 석계역 3번 출구","정기권","","40대",1,"46.16","0.36",1533.77,7
"330","2021-06-01",0,1569,"1569.수유역2번출구","정기권","","40대",1,"11.30","0.09",407.52,7
"334","2021-06-01",0,615,"615. 용두동 래미안허브리츠아파트 앞","정기권","","40대",1,"46.19","0.33",1405.18,7
"335","2021-06-01",0,228,"228. 선유도역 3번출구 앞","정기권","","40대",1,"28.86","0.23",971.56,7
"336","2021-06-01",0,257,"257. 신길삼거리(우리은행)","정기권","","40대",1,"19.32","0.14",610,3
"339","2021-06-01",0,1001,"1001. 광진교 남단 사거리(디지털프라자앞)","정기권","","40대",1,"46.35","0.48",2053.48,8
"340","2021-06-01",0,1012,"1012. 서울 상운차량","정기권","","40대",1,"17.63","0.14",610,4
"341","2021-06-01",0,1131,"1131. 꿈돌이공원 앞","정기권","","40대",1,"27.59","0.25",1071.71,4
"342","2021-06-01",0,1325,"1325. 상월곡역 4번출구","정기권","","40대",1,"24.91","0.17",740,4
"345","2021-06-01",0,2116,"2116. 에이스에이존빌딩","정기권","","40대",1,"11.13","0.09",385.07,2
"350","2021-06-01",0,1602,"1602. 광운대역 앞","정기권","","40대",1,"2.38","0.02",88.35,7
"351","2021-06-01",0,726,"726. 목동3단지 시내버스정류장","정기권","","40대",1,"25.03","0.20",842.73,4
"355","2021-06-01",0,1274,"1274. 영파여고 앞","정기권","","50대",1,"13.20","0.15",628.83,6
"357","2021-06-01",0,1351,"1351. 안암2교 옆","정기권","","50대",1,"21.51","0.18",776.04,4
"358","2021-06-01",0,1968,"1968. 동인오피스텔 건너편 소공원","정기권","","50대",1,"13.70","0.13",576.78,3
"360","2021-06-01",0,1160,"1160. 양천향교역 7번출구앞","정기권","","50대",1,"31.51","0.24",1020,5
"361","2021-06-01",0,1983,"1983. 구로동롯데아파트","정기권","","50대",1,"15.68","0.15",628.39,5
"362","2021-06-01",0,274,"274. 영등포역지하쇼핑센타 5번출구","정기권","","50대",1,"32.60","0.29",1266.33,5
"363","2021-06-01",0,1457,"1457. 동원사거리","정기권","","50대",1,"0.00","0.00",0,3
"366","2021-06-01",0,1363,"1363. 보문4교 인근","정기권","","50대",1,"13.39","0.11",490,2
"368","2021-06-01",0,1737,"1737. 하나은행 (창동점)","정기권","","50대",1,"25.27","0.19",797.57,5
"369","2021-06-01",0,1738,"1738. 창동주공17단지 상가앞","정기권","","50대",1,"29.96","0.27",1164.12,8
"370","2021-06-01",0,3105,"3105. 홍은센트레빌 아파트 앞","정기권","","50대",1,"56.16","0.41",1772.75,11
"372","2021-06-01",0,1170,"1170. 강서구보건소 (삼성디지털 프라자)","정기권","","50대",1,"38.93","0.32",1365.45,7
"373","2021-06-01",0,1293,"1293. 석촌호교차로 (스타벅스 앞)","정기권","","50대",1,"10.82","0.10",447.78,6
"374","2021-06-01",0,456,"456. 숭인2동 주민센터 입구 (이강3대냉면)","정기권","","50대",1,"0.00","0.00",0,5
"375","2021-06-01",0,3535,"3535. 중곡사거리(국민은행)","정기권","","50대",1,"18.97","0.17",748.38,3
"376","2021-06-01",0,1700,"1700.상계보람아파트 202동 ","정기권","","50대",1,"28.56","0.26",1109.43,6
"380","2021-06-01",0,488,"488.푸르메병원","정기권","","50대",1,"31.46","0.31",1324.03,11
"381","2021-06-01",0,170,"170. 가재울 뉴타운 주유소 옆","정기권","","50대",1,"39.23","0.31",1320.8,7
"383","2021-06-01",0,3578,"3578.중곡동 파크웨이빌딩","정기권","","50대",1,"55.93","0.52",2241.77,9
"385","2021-06-01",0,2089,"2089.사당역10번출구(금강빌딩)","정기권","","50대",1,"6.34","0.05",222.39,1
"386","2021-06-01",0,2090,"2090.기아자동차 사당점 앞","정기권","","50대",1,"27.88","0.25",1083.09,5
"387","2021-06-01",0,2658,"2658.가락몰 업무동","정기권","","50대",1,"20.59","0.19",800,7
"389","2021-06-01",0,4468,"4468. 가락1동 주민센터 2","정기권","","50대",1,"14.95","0.13",580.65,3
"390","2021-06-01",0,4486,"4486. 홈플러스 잠실점","정기권","","50대",1,"46.60","0.42",1810.32,11
"391","2021-06-01",0,602,"602. 장안동 사거리","정기권","","50대",1,"8.09","0.07",283.78,4
"394","2021-06-01",0,237,"237. 보라매 두산위브 건너편","정기권","","50대",1,"13.59","0.14",602.26,3
"395","2021-06-01",0,709,"709. 신정3동 현장민원실 앞","정기권","","50대",1,"12.12","0.08",360,1
"396","2021-06-01",0,806,"806. 전자랜드 본관 앞","정기권","","50대",1,"21.00","0.16",680,5
"398","2021-06-01",0,551,"551. 구의삼성쉐르빌 앞","정기권","","50대",1,"0.00","0.00",0,5
"399","2021-06-01",0,137,"137. NH농협 신촌지점 앞","정기권","","50대",1,"15.57","0.13",578.16,2
"400","2021-06-01",0,230,"230. 영등포구청역 1번출구","정기권","","50대",1,"60.89","0.50",2165.72,11
"401","2021-06-01",0,1010,"1010. 강동세무서","정기권","","50대",2,"52.72","0.44",1921.79,11
"403","2021-06-01",0,1105,"1105. 방화근린공원","정기권","","50대",1,"29.72","0.22",950,5
"407","2021-06-01",0,207,"207. 여의나루역 1번출구 앞","정기권","","50대",1,"22.58","0.20",877.31,6
"410","2021-06-01",0,2244,"2244.교육개발원입구 교차로","정기권","","50대",1,"0.30","0.00",10,7
"412","2021-06-01",0,1117,"1117. 스타벅스앞","정기권","","50대",1,"13.52","0.13",542.02,3
"413","2021-06-01",0,1509,"1509. 서울북부수도사업소","정기권","","50대",1,"0.00","0.00",0,6
"414","2021-06-01",0,1328,"1328. 월곡역 3번출구","정기권","","50대",1,"18.53","0.16",668.65,5
"415","2021-06-01",0,3500,"3500. 군자역2번출구","정기권","","50대",1,"15.48","0.14",583.45,3
"416","2021-06-01",0,511,"511. 서울숲역 4번 출구 옆","정기권","","60대",1,"6.02","0.04",190,3
"417","2021-06-01",0,2365,"2365. K+ 타워 앞","정기권","","60대",1,"18.94","0.14",605.29,2
"418","2021-06-01",0,1454,"1454. 한국전력공사(동대문 중랑지사)","정기권","","60대",1,"20.04","0.18",778.37,4
"419","2021-06-01",0,2294,"2294. 두상빌딩 앞","정기권","","60대",1,"35.43","0.29",1260,11
"420","2021-06-01",0,1047,"1047. 건강보험 강동지사kt","정기권","","60대",1,"34.48","0.29",1243.75,9
"422","2021-06-01",0,2387,"2387. 래미안강남힐즈 사거리","정기권","","60대",1,"29.17","0.24",1037.32,6
"423","2021-06-01",0,1171,"1171. 염창동 새마을금고 건너편 (모닝글로리)","정기권","","60대",1,"14.50","0.11",469.29,4
"424","2021-06-01",0,1852,"1852. 혜명양로원 담장 옆","정기권","","60대",1,"39.10","0.33",1410.71,8
"425","2021-06-01",0,343,"343. 예일빌딩(율곡로) 앞","정기권","","60대",1,"11.88","0.11",461.61,3
"429","2021-06-01",0,2645,"2645.잠실나들목2(엘스아파트136동)","정기권","","60대",1,"12.67","0.11",492.36,3
"431","2021-06-01",0,771,"771.목동아파트 703동 앞","정기권","","60대",1,"46.91","0.46",1974.22,10
"434","2021-06-01",0,3131,"3131.연가교 교차로","정기권","","60대",1,"0.00","0.00",0,2
"435","2021-06-01",0,1461,"1461.동양엔파트 앞","정기권","","60대",1,"3.76","0.03",141.87,8
"436","2021-06-01",0,1471,"1471.동양쇼핑 정류소 앞","정기권","","60대",1,"58.39","0.50",2168.2,10
"437","2021-06-01",0,1472,"1472.영성빌딩(PAT)","정기권","","60대",1,"11.33","0.10",440,2
"438","2021-06-01",0,3569,"3569.건대병원후문","정기권","","60대",1,"12.85","0.10",438.55,3
"443","2021-06-01",0,3718,"3718. 번동 SK LPG 충전소","정기권","","60대",1,"43.86","0.33",1420,7
"444","2021-06-01",0,4804,"4804. 동서울농협 앞","정기권","","60대",1,"22.08","0.19",820,8
"448","2021-06-01",0,240,"240. 문래역 4번출구 앞","정기권","","60대",1,"7.72","0.07",300,2
"449","2021-06-01",0,184,"184. SK망원동주유소 건너편","정기권","","60대",1,"15.19","0.14",590,4
"450","2021-06-01",0,576,"576. 광나루역 3번 출구","정기권","","60대",1,"31.02","0.24",1044.3,9
"451","2021-06-01",0,623,"623. 서울시립대 정문 앞","정기권","","60대",1,"41.29","0.44",1895.83,9
"452","2021-06-01",0,230,"230. 영등포구청역 1번출구","정기권","","60대",1,"10.95","0.09",395.03,2
"453","2021-06-01",0,917,"917. 녹번역 4번출구","정기권","","60대",1,"33.93","0.28",1190.14,6
"454","2021-06-01",0,1332,"1332. 석계역 5번출구 건너편","정기권","","60대",1,"28.57","0.26",1110,8
"456","2021-06-01",0,1616,"1616. 하계2동 공항버스정류장 옆","정기권","","60대",1,"27.80","0.27",1170,7
"457","2021-06-01",0,1115,"1115. 등촌역 1번출구옆","정기권","","60대",1,"12.79","0.11",461.54,3
"458","2021-06-01",0,1407,"1407. 먹골역 1번출구 뒤","정기권","","60대",1,"20.08","0.18",780,4
"459","2021-06-01",0,1210,"1210. 롯데월드타워(잠실역2번출구 쪽)","정기권","","60대",1,"17.50","0.16",680,3
"461","2021-06-01",0,1707,"1707. 도봉구민회관","정기권","","70대~",1,"39.01","0.35",1515.73,11
"462","2021-06-01",0,3541,"3541. 커먼그라운드","정기권","F","~10대",1,"0.00","0.00",0,8
"466","2021-06-01",0,549,"549. 아차산역 3번출구","정기권","F","~10대",1,"13.04","0.17",731.55,6
"467","2021-06-01",0,237,"237. 보라매 두산위브 건너편","정기권","F","~10대",1,"40.79","0.48",2060,11
"468","2021-06-01",0,953,"953. 서울연신초등학교","정기권","F","20대",1,"0.00","0.00",0,11
"469","2021-06-01",0,1029,"1029. 롯데 시네마","정기권","F","20대",1,"37.84","0.34",1470,7
"470","2021-06-01",0,1153,"1153. 발산역 1번, 9번 인근 대여소","정기권","F","20대",1,"31.17","0.35",1513.53,10
"471","2021-06-01",0,1653,"1653. 노원역1번출구","정기권","F","20대",1,"8.00","0.10",430,3
"472","2021-06-01",0,1716,"1716. 하나로마트 창동점","정기권","F","20대",1,"52.67","0.31",1357.2,8
"475","2021-06-01",0,3514,"3514. 왕십리교회옆","정기권","F","20대",1,"12.67","0.11",492.2,4
"477","2021-06-01",0,1354,"1354. 고려대학교 2번출구","정기권","F","20대",1,"0.00","0.00",0,2
"478","2021-06-01",0,277,"277. 영등포뉴타운지하상가 2번게이트","정기권","F","20대",1,"22.05","0.27",1160,8
"482","2021-06-01",0,958,"958. 신한은행 응암동 지점 앞","정기권","F","20대",1,"39.23","0.35",1524.27,7
"483","2021-06-01",0,657,"657. 동대문롯데캐슬아파트 앞","정기권","F","20대",1,"22.66","0.23",986.56,7
"484","2021-06-01",0,1372,"1372. KEB은행 고대점","정기권","F","20대",1,"18.23","0.22",958.81,6
"485","2021-06-01",0,2617,"2617. 가락삼환아파트 앞","정기권","F","20대",1,"0.00","0.00",0,5
"487","2021-06-01",0,362,"362. 청계8가 사거리","정기권","F","20대",1,"0.00","0.00",0,5
"491","2021-06-01",0,152,"152. 마포구민체육센터 앞","정기권","F","20대",1,"26.05","0.23",1012.23,6
"494","2021-06-01",0,3124,"3124.DMC센트럴아이파크아파트","정기권","F","20대",1,"36.62","0.33",1422.83,9
"499","2021-06-01",0,3579,"3579.광진 캠퍼스시티","정기권","F","20대",1,"39.64","0.42",1820,10
"500","2021-06-01",0,3547,"3547.상왕십리역 6번 출입구","정기권","F","20대",1,"28.05","0.30",1288.09,9
"501","2021-06-01",0,2093,"2093.상도SH빌아파트 입구","정기권","F","20대",1,"17.42","0.19",800,6
"505","2021-06-01",0,540,"540. 군자역 7번출구 베스트샵 앞","정기권","F","20대",1,"15.08","0.13",560,4
"506","2021-06-01",0,4114,"4114. 휘경여중고삼거리","정기권","F","20대",1,"7.84","0.07",300,2
"509","2021-06-01",0,614,"614. 용두동 사거리","정기권","F","20대",1,"0.00","0.00",0,3
"510","2021-06-01",0,4515,"4515. 동문굿모닝탑","정기권","F","20대",1,"12.19","0.13",549.85,3
"511","2021-06-01",0,4672,"4672. 준빌딩 앞","정기권","F","20대",1,"30.47","0.27",1183.75,8
"512","2021-06-01",0,102,"102. 망원역 1번출구 앞","정기권","F","20대",1,"38.17","0.34",1482.78,6
"513","2021-06-01",0,633,"633. 청량리 기업은행 앞","정기권","F","20대",1,"28.87","0.26",1121.78,7
"519","2021-06-01",0,1707,"1707. 도봉구민회관","정기권","F","20대",1,"38.66","0.48",2077.4,11
"521","2021-06-01",0,1520,"1520. 성실교회","정기권","F","20대",1,"15.95","0.18",760,5
"522","2021-06-01",0,1321,"1321. 국민은행 종암동지점 앞","정기권","F","20대",1,"25.31","0.25",1065.05,7
"523","2021-06-01",0,2002,"2002. 노들역 1번출구","정기권","F","20대",1,"9.81","0.12",526.96,3
"525","2021-06-01",0,1106,"1106. 신방화사거리","정기권","F","20대",2,"28.83","0.31",1335.06,9
"526","2021-06-01",0,1407,"1407. 먹골역 1번출구 뒤","정기권","F","20대",1,"16.06","0.18",795.37,5
"528","2021-06-01",0,2143,"2143. 서울산업정보학교","정기권","F","20대",1,"10.83","0.10",441.26,2
"530","2021-06-01",0,1328,"1328. 월곡역 3번출구","정기권","F","20대",1,"25.57","0.28",1218.36,7
"532","2021-06-01",0,2265,"2265. 이수고가차도 남단","정기권","F","20대",1,"24.22","0.26",1112.21,8
"535","2021-06-01",0,502,"502. 뚝섬유원지역 1번출구 앞","정기권","F","20대",1,"39.36","0.35",1528.96,10
"539","2021-06-01",0,1339,"1339. 삼성전자서비스 성북센터","정기권","F","30대",1,"22.57","0.23",1000,5
"543","2021-06-01",0,431,"431. 청계천 영도교","정기권","F","30대",1,"7.06","0.07",318.16,2
"546","2021-06-01",0,670,"670.삼육서울병원 버스정류장","정기권","F","30대",1,"12.03","0.14",583.99,4
"547","2021-06-01",0,539,"539. 군자교교차로","정기권","F","30대",1,"46.77","0.40",1711.55,11
"548","2021-06-01",0,4481,"4481. 올림픽공원 북2문 2","정기권","F","30대",1,"14.67","0.13",570,6
"549","2021-06-01",0,906,"906. 연신내역 5번출구150M 아래","정기권","F","30대",1,"11.88","0.11",461.59,2
"550","2021-06-01",0,913,"913. 이마트 은평점","정기권","F","30대",1,"21.45","0.19",833.41,7
"552","2021-06-01",0,224,"224. 롯데캐슬 앞","정기권","F","30대",1,"35.71","0.39",1670,6
"555","2021-06-01",0,393,"393. 동대문역 8번 출구","정기권","F","40대",1,"0.00","0.00",0,8
"556","2021-06-01",0,1991,"1991. 오류동역 맞은편","정기권","F","40대",1,"13.48","0.14",586.72,6
"557","2021-06-01",0,3002,"3002.벽산상암스마트큐브 ","정기권","F","40대",1,"13.46","0.12",523,3
"558","2021-06-01",0,1106,"1106. 신방화사거리","정기권","F","40대",1,"22.13","0.24",1054.35,7
"560","2021-06-01",0,1442,"1442. (구)신한은행 중랑교지점","정기권","F","50대",1,"15.52","0.16",700,5
"568","2021-06-01",0,296,"296.KT플라자 영등포점","정기권","F","70대~",1,"32.99","0.28",1190,5
"569","2021-06-01",0,495,"495.염리초등학교 앞","정기권","F","70대~",1,"13.69","0.11",493.76,2
"572","2021-06-01",0,1166,"1166. 강서구립등빛도서관","정기권","M","~10대",1,"19.05","0.17",740,5
"574","2021-06-01",0,1282,"1282. 송파소방서 맞은편(성내4교)","정기권","M","~10대",1,"28.57","0.22",961.8,6
"575","2021-06-01",0,758,"758. 한사랑교회 앞","정기권","M","~10대",1,"0.00","0.00",0,11
"579","2021-06-01",0,3202,"3202.당산롯데캐슬프레스티지","정기권","M","~10대",1,"23.73","0.22",966.56,9
"581","2021-06-01",0,144,"144. 공덕역 8번출구","정기권","M","~10대",1,"49.64","0.38",1649.29,9
"584","2021-06-01",0,1560,"1560. 도봉세무서 앞","정기권","M","~10대",1,"61.05","0.38",1640,9
"585","2021-06-01",0,675,"675.성복교회 앞 (장평교 아래)","정기권","M","~10대",1,"18.56","0.18",781.23,5
"586","2021-06-01",0,3779,"3779. 유광사여성병원","정기권","M","~10대",1,"40.13","0.29",1266.71,8
"587","2021-06-01",0,3786,"3786. 강서힐스테이트 상가 앞","정기권","M","~10대",1,"33.86","0.26",1140,10
"590","2021-06-01",0,4009,"4009. 월계프라자","정기권","M","~10대",1,"0.00","0.00",0,2
"591","2021-06-01",0,255,"255. 도림사거리","정기권","M","~10대",1,"6.45","0.06",239.44,1
"592","2021-06-01",0,191,"191. 서우빌딩(바른학원)","정기권","M","~10대",1,"0.00","0.00",0,5
"594","2021-06-01",0,716,"716.신정6동 주민센터 인근","정기권","M","~10대",1,"16.99","0.15",660,4
"596","2021-06-01",0,1119,"1119. 염창동 한마음아파트앞(염창동 빛나는 음악학원앞)","정기권","M","~10대",1,"47.73","0.43",1854.45,8
"597","2021-06-01",0,1611,"1611. 과기대 입구(우)","정기권","M","~10대",1,"44.79","0.34",1450,6
"599","2021-06-01",0,1519,"1519. 세븐일레븐 수유장미원점 앞","정기권","M","~10대",1,"0.00","0.00",0,3
"600","2021-06-01",0,2009,"2009. 보라매역 8번출구","정기권","M","~10대",1,"49.68","0.45",1930,9
"604","2021-06-01",0,740,"740. 으뜸공원","정기권","M","20대",1,"20.38","0.17",714.73,7
"605","2021-06-01",0,743,"743. 현대6차아파트 101동 옆","정기권","M","20대",1,"0.00","0.00",0,5
"606","2021-06-01",0,746,"746. 목동2단지 상가","정기권","M","20대",1,"13.62","0.12",529.05,3
"607","2021-06-01",0,505,"505. 자양사거리 광진아크로텔 앞","정기권","M","20대",1,"24.36","0.17",750.22,4
"609","2021-06-01",0,1029,"1029. 롯데 시네마","정기권","M","20대",1,"35.33","0.28",1189.41,6
"610","2021-06-01",0,1153,"1153. 발산역 1번, 9번 인근 대여소","정기권","M","20대",1,"66.60","0.63",2712.44,11
"618","2021-06-01",0,302,"302. 경복궁역 4번출구 뒤","정기권","M","20대",1,"63.78","0.39",1677.6,8
"619","2021-06-01",0,2377,"2377. 수서역 5번출구 뒤","정기권","M","20대",1,"38.55","0.26",1106.23,9
"620","2021-06-01",0,3509,"3509. 세종사이버대학교","정기권","M","20대",1,"0.00","0.00",0,9
"623","2021-06-01",0,1163,"1163. 방화동강서기동대앞","정기권","M","20대",1,"44.37","0.31",1350,9
"624","2021-06-01",0,1661,"1661. 당현천근린공원","정기권","M","20대",1,"35.64","0.35",1500,6
"627","2021-06-01",0,1354,"1354. 고려대학교 2번출구","정기권","M","20대",1,"12.12","0.12",510,9
"628","2021-06-01",0,1450,"1450. 화랑대역 7번출구","정기권","M","20대",1,"36.82","0.39",1660.29,9
"630","2021-06-01",0,1355,"1355. 보문2교","정기권","M","20대",1,"48.98","0.38",1649.14,7
"632","2021-06-01",0,3520,"3520. 광진경찰서","정기권","M","20대",1,"23.38","0.19",820,4
"634","2021-06-01",0,752,"752. 성원2차 아파트","정기권","M","20대",1,"44.07","0.36",1545.73,7
"639","2021-06-01",0,1364,"1364. 성북동 치안센터 앞","정기권","M","20대",1,"26.57","0.19",828.5,5
"640","2021-06-01",0,1737,"1737. 하나은행 (창동점)","정기권","M","20대",1,"71.23","0.56",2430.59,11
"642","2021-06-01",0,961,"961. 불광역 9번 출구","정기권","M","20대",1,"12.08","0.09",381.32,2
"644","2021-06-01",0,2070,"2070. 노량진역 2번 출구 앞","정기권","M","20대",1,"8.55","0.06",270,2
"645","2021-06-01",0,2177,"2177. 신대방역 2번 출구","정기권","M","20대",1,"16.73","0.15",650,4
"650","2021-06-01",0,342,"342. 대학로 마로니에공원","정기권","M","20대",1,"31.97","0.27",1153.25,6
"651","2021-06-01",0,3531,"3531. 논골사거리(금호도서관 입구)","정기권","M","20대",1,"31.75","0.29",1233.6,8
"652","2021-06-01",0,660,"660. 동의보감타워","정기권","M","20대",1,"2.64","0.03",111.2,2
"653","2021-06-01",0,660,"660. 동의보감타워","정기권","M","20대",1,"38.05","0.32",1372.61,10
"654","2021-06-01",0,1692,"1692. 온곡초교 교차로","정기권","M","20대",1,"51.29","0.38",1639.63,7
"655","2021-06-01",0,2184,"2184. 구암초등학교 버스정류장","정기권","M","20대",1,"16.23","0.15",630.39,4
"656","2021-06-01",0,846,"846. 용산중학교","정기권","M","20대",1,"50.12","0.45",1947.13,11
"657","2021-06-01",0,2618,"2618. 삼전역 1번출구","정기권","M","20대",1,"37.98","0.34",1475.64,8
"659","2021-06-01",0,358,"358. 성대입구 사거리","정기권","M","20대",1,"10.98","0.11",470,2
"660","2021-06-01",0,474,"474.동대문역사문화공원역 1번출구 뒤편","정기권","M","20대",1,"0.00","0.00",0,2
"661","2021-06-01",0,481,"481.신당역 10번 출구","정기권","M","20대",1,"57.93","0.48",2090,10
"662","2021-06-01",0,3417,"3417.창신3동주민센터","정기권","M","20대",1,"52.91","0.44",1908.66,9
"665","2021-06-01",0,2540,"2540.반포천 앞","정기권","M","20대",1,"22.53","0.20",875.3,4
"666","2021-06-01",0,782,"782.서남병원 후문","정기권","M","20대",1,"42.20","0.33",1402.18,5
"668","2021-06-01",0,2703,"2703.서울도시가스 앞 ","정기권","M","20대",1,"10.93","0.11",460.12,4
"669","2021-06-01",0,144,"144. 공덕역 8번출구","정기권","M","20대",1,"35.48","0.26",1120,9
"671","2021-06-01",0,2721,"2721.등촌1-10단지 교차로","정기권","M","20대",1,"37.92","0.33",1429.39,11
"675","2021-06-01",0,2912,"2912.대진고등학교","정기권","M","20대",1,"20.96","0.18",756.12,6
"677","2021-06-01",0,1775,"1775.신원리베르텔 앞","정기권","M","20대",1,"0.00","0.00",0,10
"679","2021-06-01",0,497,"497.합정동주민센터 앞","정기권","M","20대",1,"41.11","0.42",1790,11
"683","2021-06-01",0,976,"976.진관고등학교앞","정기권","M","20대",1,"9.76","0.08",352.19,3
"686","2021-06-01",0,669,"669.청계한신휴플러스앞 삼거리","정기권","M","20대",1,"30.53","0.26",1101.25,5
"689","2021-06-01",0,3569,"3569.건대병원후문","정기권","M","20대",1,"25.90","0.25",1090,6
"690","2021-06-01",0,3578,"3578.중곡동 파크웨이빌딩","정기권","M","20대",1,"36.97","0.28",1212.32,4
"691","2021-06-01",0,3550,"3550.금호나들목","정기권","M","20대",1,"23.70","0.19",820,4
"692","2021-06-01",0,2076,"2076.노들나루공원 입구","정기권","M","20대",1,"0.00","0.00",0,9
"695","2021-06-01",0,122,"122. 신성기사식당 앞","정기권","M","20대",1,"0.00","0.00",0,9
"699","2021-06-01",0,4610,"4610. 한남나인원 105동 앞","정기권","M","20대",1,"28.86","0.23",971.56,5
"701","2021-06-01",0,3780,"3780. 등촌서광아파트","정기권","M","20대",1,"13.75","0.12",495.93,2
"702","2021-06-01",0,4113,"4113. 한국국방연구원 앞","정기권","M","20대",1,"0.00","0.00",0,8
"706","2021-06-01",0,4804,"4804. 동서울농협 앞","정기권","M","20대",1,"52.36","0.37",1592.96,8
"707","2021-06-01",0,4807,"4807. 라코지스테이 앞","정기권","M","20대",1,"3.07","0.02",88.21,5
"708","2021-06-01",0,125,"125. 서강대 남문 옆","정기권","M","20대",1,"20.23","0.13",580.41,5
"709","2021-06-01",0,610,"610. 동대문중 교차로","정기권","M","20대",1,"43.26","0.34",1456.73,8
"710","2021-06-01",0,613,"613. 신설동역 10번출구 앞","정기권","M","20대",1,"31.28","0.18",790,7
"714","2021-06-01",0,4658,"4658. 녹번역1번출구앞","정기권","M","20대",1,"13.61","0.13",572.64,10
"715","2021-06-01",0,232,"232. 양평우림 이비즈센타 앞","정기권","M","20대",1,"0.00","0.00",0,4
"718","2021-06-01",0,253,"253. 신풍역 5번출구 인근","정기권","M","20대",1,"20.77","0.16",690,4
"722","2021-06-01",0,177,"177. 북가좌 초등학교","정기권","M","20대",1,"0.00","0.00",0,3
"724","2021-06-01",0,577,"577. 광진청소년수련관","정기권","M","20대",1,"33.70","0.29",1251.61,7
"725","2021-06-01",0,633,"633. 청량리 기업은행 앞","정기권","M","20대",1,"30.64","0.25",1060,7
"726","2021-06-01",0,634,"634. 외국어대 정문 앞","정기권","M","20대",1,"33.34","0.30",1295.11,7
"729","2021-06-01",0,912,"912. 응암오거리","정기권","M","20대",1,"34.03","0.30",1302.01,6
"730","2021-06-01",0,914,"914. 새절역 2번출구","정기권","M","20대",1,"52.67","0.44",1900,11
"732","2021-06-01",0,1009,"1009. 천호역4번출구(현대백화점)","정기권","M","20대",1,"49.39","0.36",1559.06,8
"733","2021-06-01",0,1014,"1014. 강동구평생학습관앞","정기권","M","20대",1,"81.62","0.53",2290,9
"735","2021-06-01",0,211,"211. 여의도역 4번출구 옆","정기권","M","20대",1,"32.69","0.27",1146.57,7
"739","2021-06-01",0,1828,"1828. 한양수자인아파트 앞","정기권","M","20대",1,"42.62","0.38",1655.7,9
"742","2021-06-01",0,1908,"1908. 해원리바파크 육교 밑","정기권","M","20대",1,"0.00","0.00",0,4
"743","2021-06-01",0,1937,"1937. 한진아파트 입구","정기권","M","20대",1,"0.00","0.00",0,6
"746","2021-06-01",0,2105,"2105. 미성동 신림체육센터","정기권","M","20대",1,"37.03","0.31",1335.88,6
"747","2021-06-01",0,2112,"2112. 서울대입구역 마에스트로","정기권","M","20대",1,"21.69","0.19",829.84,6
"754","2021-06-01",0,2115,"2115. 관악농협농산물백화점","정기권","M","20대",1,"59.32","0.50",2140,9
"756","2021-06-01",0,1411,"1411. 상봉시장앞 교차로 한성빌딩 앞","정기권","M","20대",1,"17.25","0.14",604.85,4
"761","2021-06-01",0,722,"722. LG전자베스트샵 신정점 ","정기권","M","20대",1,"24.56","0.22",954.09,4
"763","2021-06-01",0,1447,"1447. 면목역 3번출구","정기권","M","30대",1,"39.38","0.35",1530,6
"764","2021-06-01",0,1528,"1528. 삼각산동 주민센터","정기권","M","30대",1,"32.84","0.23",1011.2,8
"767","2021-06-01",0,1667,"1667. 중계중학교","정기권","M","30대",1,"25.25","0.17",750,8
"769","2021-06-01",0,829,"829. 베르가모앞","정기권","M","30대",1,"24.47","0.24",1030,9
"771","2021-06-01",0,2384,"2384. 자곡사거리","정기권","M","30대",1,"30.90","0.23",1000.41,5
"772","2021-06-01",0,116,"116. 일진아이윌아파트 옆","정기권","M","30대",1,"17.67","0.12",495.89,4
"773","2021-06-01",0,1050,"1050.  둔촌역 3번 출입구","정기권","M","30대",1,"42.52","0.33",1431.81,11
"776","2021-06-01",0,1690,"1690. 도봉운전면허시험장","정기권","M","30대",1,"8.42","0.08",327.21,2
"777","2021-06-01",0,288,"288. 쌍용예가(구청별관)","정기권","M","30대",1,"41.94","0.36",1557.41,11
"779","2021-06-01",0,2610,"2610. 여흥레이크빌 앞 (석촌호수 까페거리)","정기권","M","30대",1,"17.89","0.14",602.2,3
"785","2021-06-01",0,3417,"3417.창신3동주민센터","정기권","M","30대",2,"43.00","0.34",1486.38,10
"786","2021-06-01",0,3420,"3420.성균관대입구사거리(맥도날드)","정기권","M","30대",1,"28.42","0.26",1104.11,9
"788","2021-06-01",0,2639,"2639.석촌역 8번출구","정기권","M","30대",1,"31.29","0.25",1097.36,6
"791","2021-06-01",0,114,"114. 홍대입구역 8번출구 앞","정기권","M","30대",1,"49.82","0.41",1747.3,8
"792","2021-06-01",0,788,"788.양천구청역 2번출구 옆","정기권","M","30대",1,"49.91","0.45",1939,11
"794","2021-06-01",0,2723,"2723.마곡 필네이처","정기권","M","30대",1,"40.73","0.37",1582.24,8
"795","2021-06-01",0,2905,"2905.중계주공6단지","정기권","M","30대",1,"30.10","0.22",950,5
"797","2021-06-01",0,870,"870.노들섬 서측 앞","정기권","M","30대",1,"15.21","0.15",640,5
"798","2021-06-01",0,1480,"1480. 용마지구대 옆","정기권","M","30대",1,"28.52","0.28",1200.17,7
"800","2021-06-01",0,522,"522. 금호역 1번출구 앞","정기권","M","30대",1,"11.29","0.09",380,2
"802","2021-06-01",0,4654,"4654. OK부동산 앞","정기권","M","30대",1,"27.38","0.20",864.17,6
"803","2021-06-01",0,3763,"3763. 등촌태영아파트","정기권","M","30대",1,"22.11","0.19",797.64,5
"808","2021-06-01",0,236,"236. 문래동자이아파트 앞","정기권","M","30대",1,"21.90","0.16",700,5
"811","2021-06-01",0,195,"195. 모래내고가차도 ","정기권","M","30대",1,"24.75","0.18",781.29,4
"818","2021-06-01",0,213,"213. KT앞","정기권","M","30대",1,"17.96","0.17",720,8
"820","2021-06-01",0,1616,"1616. 하계2동 공항버스정류장 옆","정기권","M","30대",1,"25.95","0.24",1040,8
"826","2021-06-01",0,1620,"1620. 중계동 노원구민체육센터 옆(중1-2)","정기권","M","30대",1,"73.11","0.54",2307.76,10
"829","2021-06-01",0,107,"107. 신한은행 서교동금융센터점 앞","정기권","M","30대",1,"0.00","0.00",0,6
"834","2021-06-01",0,3501,"3501. 광진구청 앞","정기권","M","30대",1,"41.48","0.37",1611.62,7
"838","2021-06-01",0,2169,"2169. 봉천역 2번출구","정기권","M","40대",1,"16.45","0.17",716.18,3
"840","2021-06-01",0,834,"834. 효창공원앞역 3번출구 뒤","정기권","M","40대",1,"14.71","0.17",728.6,5
"841","2021-06-01",0,1283,"1283. 오금공원 사거리","정기권","M","40대",1,"0.00","0.00",0,4
"842","2021-06-01",0,326,"326. 안국역 5번출구 앞","정기권","M","40대",1,"10.40","0.08",341.21,5
"844","2021-06-01",0,1683,"1683. 노원문화예술회관","정기권","M","40대",1,"51.17","0.41",1770,11
"847","2021-06-01",0,1994,"1994. 삼성전자 물류센터 앞","정기권","M","40대",1,"16.68","0.15",648.21,4
"848","2021-06-01",0,456,"456. 숭인2동 주민센터 입구 (이강3대냉면)","정기권","M","40대",1,"12.61","0.11",490,3
"849","2021-06-01",0,1741,"1741. 제일강산수산입구","정기권","M","40대",1,"52.93","0.56",2430,11
"850","2021-06-01",0,2611,"2611. 송파지역자활센터 뒤","정기권","M","40대",1,"58.74","0.44",1901.64,7
"851","2021-06-01",0,438,"438. 성산2-1 공영주차장","정기권","M","40대",1,"23.95","0.19",806.42,6
"852","2021-06-01",0,3542,"3542. 래미안 구의파크 스위트","정기권","M","40대",1,"38.16","0.31",1320,6
"854","2021-06-01",0,2633,"2633.송파학사 옆","정기권","M","40대",1,"39.96","0.33",1441.49,10
"855","2021-06-01",0,2635,"2635.잠실새내역 1번출구","정기권","M","40대",1,"9.21","0.09",375.23,1
"856","2021-06-01",0,2524,"2524.반포쇼핑타운 8동 앞","정기권","M","40대",1,"25.03","0.20",842.83,5
"857","2021-06-01",0,1862,"1862.스타즈호텔독산 빌딩 앞","정기권","M","40대",1,"13.77","0.11",463.71,3
"858","2021-06-01",0,2820,"2820.신세기아파트 앞","정기권","M","40대",1,"27.36","0.22",946.47,6
"861","2021-06-01",0,143,"143. 공덕역 2번출구","정기권","M","40대",1,"57.84","0.42",1825.88,9
"863","2021-06-01",0,2737,"2737.까치산역 3번 출구","정기권","M","40대",1,"35.68","0.33",1407.96,7
"864","2021-06-01",0,1756,"1756.서울북부광역등기국","정기권","M","40대",1,"18.77","0.16",677.29,5
"869","2021-06-01",0,989,"989.응암 꼬꼬닭치킨호프 앞","정기권","M","40대",1,"44.36","0.31",1317.99,6
"870","2021-06-01",0,169,"169. 북가좌 삼거리","정기권","M","40대",1,"65.68","0.51",2211.52,11
"871","2021-06-01",0,522,"522. 금호역 1번출구 앞","정기권","M","40대",1,"22.38","0.17",724.64,5
"873","2021-06-01",0,4103,"4103. 휘경sk뷰아파트 앞","정기권","M","40대",1,"50.86","0.37",1605.49,9
"874","2021-06-01",0,4465,"4465. 건영아파트앞 사거리","정기권","M","40대",1,"26.89","0.24",1013.46,4
"876","2021-06-01",0,612,"612. 시립동부병원 앞 사거리","정기권","M","40대",1,"0.00","0.00",0,11
"881","2021-06-01",0,639,"639. 서울시립대 후문","정기권","M","40대",1,"30.62","0.26",1104.55,4
"883","2021-06-01",0,1010,"1010. 강동세무서","정기권","M","40대",1,"44.79","0.40",1740,10
"884","2021-06-01",0,1332,"1332. 석계역 5번출구 건너편","정기권","M","40대",1,"45.82","0.41",1780,10
"887","2021-06-01",0,1214,"1214. 오금역 7번 출구 인근","정기권","M","40대",1,"54.65","0.43",1840,7
"889","2021-06-01",0,1240,"1240. 문정 법조단지4","정기권","M","40대",1,"34.53","0.25",1090,9
"890","2021-06-01",0,1244,"1244. 문정 법조단지8","정기권","M","40대",1,"7.40","0.07",287.67,4
"894","2021-06-01",0,1955,"1955. 디지털입구 교차로","정기권","M","40대",1,"24.95","0.21",900,5
"895","2021-06-01",0,725,"725. 양강중학교앞 교차로","정기권","M","40대",1,"5.97","0.06",239.37,2
"896","2021-06-01",0,1530,"1530. 광산사거리","정기권","M","50대",1,"21.23","0.16",670,4
"898","2021-06-01",0,2274,"2274. 양재시민의숲역 3번출구","정기권","M","50대",1,"32.47","0.27",1171.53,5
"899","2021-06-01",0,3506,"3506. 영동대교 북단","정기권","M","50대",1,"36.48","0.32",1374.9,7
"901","2021-06-01",0,1663,"1663. 동해문화예술관앞","정기권","M","50대",1,"46.45","0.32",1380,9
"903","2021-06-01",0,1670,"1670. 노원경찰서교차로","정기권","M","50대",1,"41.89","0.34",1448.94,7
"904","2021-06-01",0,648,"648. 장안동위더스빌옆","정기권","M","50대",1,"18.57","0.16",700,3
"905","2021-06-01",0,2279,"2279. 교대역 5번출구뒤","정기권","M","50대",1,"33.02","0.21",906.42,4
"907","2021-06-01",0,1737,"1737. 하나은행 (창동점)","정기권","M","50대",1,"42.32","0.29",1257.36,7
"909","2021-06-01",0,452,"452. 동대문 종합시장 버스정류장","정기권","M","50대",1,"24.19","0.22",969.46,8
"911","2021-06-01",0,2615,"2615. 테라타워2","정기권","M","50대",1,"16.22","0.15",630,6
"913","2021-06-01",0,1080,"1080.엘웨딩","정기권","M","50대",1,"18.83","0.13",572.82,2
"915","2021-06-01",0,1088,"1088.풍납사거리(강동)","정기권","M","50대",1,"48.37","0.41",1770.16,10
"916","2021-06-01",0,1090,"1090.상일동역 2번출구 앞","정기권","M","50대",1,"47.88","0.45",1950,10
"918","2021-06-01",0,2739,"2739.수명산파크1단지교차로","정기권","M","50대",1,"60.70","0.55",2358.03,10
"921","2021-06-01",0,170,"170. 가재울 뉴타운 주유소 옆","정기권","M","50대",1,"19.36","0.16",679.03,5
"922","2021-06-01",0,677,"677.청량리역 4번 5번출구 사이","정기권","M","50대",1,"0.00","0.00",0,6
"923","2021-06-01",0,3579,"3579.광진 캠퍼스시티","정기권","M","50대",1,"0.00","0.00",0,8
"924","2021-06-01",0,546,"546. 잠실대교북단 교차로","정기권","M","50대",1,"27.44","0.23",990.06,5
"929","2021-06-01",0,4856,"4856. 올림픽공원 서1문 앞","정기권","M","50대",1,"28.31","0.26",1099.87,6
"930","2021-06-01",0,3615,"3615. 서울 논현동우체국 앞","정기권","M","50대",1,"0.00","0.00",0,9
"933","2021-06-01",0,235,"235. 신길동 우리은행 옆","정기권","M","50대",1,"38.02","0.32",1371.58,8
"934","2021-06-01",0,196,"196. 연희교차로 인근","정기권","M","50대",1,"4.21","0.03",141.89,3
"939","2021-06-01",0,1634,"1634. 당고개공원 대여소","정기권","M","50대",1,"30.75","0.23",970.54,8
"940","2021-06-01",0,1824,"1824. 독산근린공원 입구","정기권","M","50대",1,"14.11","0.11",494.99,5
"941","2021-06-01",0,1833,"1833. 독산역 1번출구 앞 자전거보관소","정기권","M","50대",1,"6.35","0.05",222.58,9
"942","2021-06-01",0,1520,"1520. 성실교회","정기권","M","50대",1,"0.00","0.00",0,7
"943","2021-06-01",0,1907,"1907. 구일우성(아) 육교 밑","정기권","M","50대",1,"23.65","0.21",918.64,4
"945","2021-06-01",0,2230,"2230.이수역 4번 출구","정기권","M","50대",1,"32.79","0.32",1380,11
"946","2021-06-01",0,2251,"2251. 더케이호텔 입구(양재2) ","정기권","M","50대",1,"13.50","0.11",480,3
"947","2021-06-01",0,2302,"2302. 교보타워 버스정류장(신논현역 3번출구 후면)","정기권","M","50대",1,"51.35","0.35",1525.46,10
"948","2021-06-01",0,106,"106. 합정역 7번출구 앞","정기권","M","50대",1,"33.34","0.30",1295.18,10
"953","2021-06-01",0,501,"501. 광진구의회 앞","정기권","M","50대",1,"20.90","0.19",812.02,5
"954","2021-06-01",0,1044,"1044. 굽은다리역","정기권","M","60대",1,"2.85","0.02",80,6
"955","2021-06-01",0,1958,"1958. 강서수도사업소민원센터","정기권","M","60대",1,"25.54","0.18",758.75,5
"956","2021-06-01",0,650,"650. 중랑교사거리","정기권","M","60대",1,"18.02","0.16",700,3
"959","2021-06-01",0,2909,"2909. 석계역 3번 출구","정기권","M","60대",1,"30.63","0.28",1190,11
"961","2021-06-01",0,1771,"1771.성원APT버스정류소","정기권","M","60대",1,"26.78","0.23",980,7
"962","2021-06-01",0,3010,"3010.홍대입구역 3번출구","정기권","M","60대",1,"35.43","0.28",1192.91,11
"964","2021-06-01",0,994,"994.북한산생태공원입구(교통섬)","정기권","M","60대",1,"13.09","0.13",550.97,5
"966","2021-06-01",0,3776,"3776. 김포공항교차로","정기권","M","60대",1,"0.00","0.00",0,5
"967","2021-06-01",0,245,"245. 삼성생명 당산사옥 앞","정기권","M","60대",1,"23.30","0.21",905.09,8
"968","2021-06-01",0,255,"255. 도림사거리","정기권","M","60대",1,"8.53","0.06",253.32,3
"969","2021-06-01",0,1127,"1127. 화곡역(에이스정형외과앞) 버스정류장","정기권","M","60대",1,"46.98","0.37",1603.22,9
"970","2021-06-01",0,1332,"1332. 석계역 5번출구 건너편","정기권","M","60대",1,"0.00","0.00",0,6
"973","2021-06-01",0,2212,"2212.서초현대4차아파트 201동 맞은편","정기권","M","60대",1,"27.15","0.27",1142.8,8
"976","2021-06-01",0,1169,"1169. 염창역 1번 출구","정기권","M","70대~",1,"20.02","0.17",722.39,6
"977","2021-06-01",0,625,"625. 답십리초등학교 앞(현대시장 옆)","정기권","M","70대~",1,"15.18","0.15",660.93,4
"980","2021-06-01",0,1355,"1355. 보문2교","일일권","","~10대",1,"43.12","0.28",1209.92,5
"983","2021-06-01",0,2912,"2912.대진고등학교","일일권","","~10대",1,"7.39","0.07",296.33,5
"986","2021-06-01",0,3779,"3779. 유광사여성병원","일일권","","~10대",1,"34.47","0.29",1243.59,7
"987","2021-06-01",0,3786,"3786. 강서힐스테이트 상가 앞","일일권","","~10대",1,"52.98","0.26",1114.87,4
"998","2021-06-01",0,2279,"2279. 교대역 5번출구뒤","일일권","","20대",1,"50.82","0.37",1604.09,7
"1009","2021-06-01",0,2179,"2179. 양녕로 입구","일일권","","20대",1,"33.71","0.29",1233.7,7
"1017","2021-06-01",0,462,"462. 신영동삼거리(북악터널방향)","일일권","","20대",1,"50.42","0.45",1958.67,10
"1023","2021-06-01",0,1862,"1862.스타즈호텔독산 빌딩 앞","일일권","","20대",1,"29.36","0.26",1140.7,9
"1025","2021-06-01",0,786,"786.목동아파트 8단지 상가동 앞","일일권","","20대",1,"29.64","0.20",850.53,5
"1026","2021-06-01",0,791,"791.현대하이페리온","일일권","","20대",1,"46.64","0.37",1613.27,11
"1032","2021-06-01",0,2914,"2914.서울과학기술대학교(미래관)","일일권","","20대",1,"20.16","0.21",893.35,5
"1033","2021-06-01",0,152,"152. 마포구민체육센터 앞","일일권","","20대",1,"27.44","0.23",990,6
"1034","2021-06-01",0,1748,"1748. 피자헛 앞(도봉병원 옆)","일일권","","20대",1,"11.67","0.11",475.4,2
"1036","2021-06-01",0,3010,"3010.홍대입구역 3번출구","일일권","","20대",1,"32.63","0.29",1230,8
"1038","2021-06-01",0,3124,"3124.DMC센트럴아이파크아파트","일일권","","20대",1,"29.60","0.27",1150,7
"1047","2021-06-01",0,2190,"2190.도원맨션","일일권","","20대",1,"22.40","0.20",870.37,4
"1052","2021-06-01",0,4114,"4114. 휘경여중고삼거리","일일권","","20대",1,"34.37","0.32",1400,8
"1059","2021-06-01",0,130,"130. 신촌역(2호선) 7번출구 앞","일일권","","20대",1,"46.64","0.40",1706.92,11
"1073","2021-06-01",0,911,"911. 은평평화공원(역촌역4번출구)","일일권","","20대",1,"50.98","0.44",1893.16,10
"1077","2021-06-01",0,1022,"1022. 길동 사거리(초소앞)","일일권","","20대",1,"57.02","0.46",1999.89,10
"1087","2021-06-01",0,2108,"2108. 은천치안센터","일일권","","20대",1,"0.00","0.00",0,9
"1088","2021-06-01",0,2122,"2122. 낙성대로 입구","일일권","","20대",1,"13.23","0.39",1670.99,9
"1089","2021-06-01",0,2140,"2140. 신림1교 교차로","일일권","","20대",1,"21.70","0.23",996.4,7
"1091","2021-06-01",0,2033,"2033. 사당동 아르테스 웨딩앞","일일권","","20대",1,"37.46","0.31",1351.2,9
"1097","2021-06-01",0,1630,"1630. 수연빌딩 앞","일일권","","20대",1,"23.16","0.21",899.59,11
"1098","2021-06-01",0,1941,"1941. 오류동역 2번출구","일일권","","20대",1,"40.86","0.32",1375.85,10
"1109","2021-06-01",0,2170,"2170. 조원동서울본병원","일일권","","30대",1,"30.37","0.27",1180,6
"1112","2021-06-01",0,1180,"1180. 마곡엠밸리 15단지(1502동) 건너편","일일권","","30대",1,"22.32","0.19",828.78,4
"1115","2021-06-01",0,2709,"2709.강변아파트 310동 앞","일일권","","30대",1,"30.80","0.28",1196.51,7
"1123","2021-06-01",0,1016,"1016. 해뜨는 주유소옆 리엔파크 109동앞","일일권","","30대",1,"32.91","0.30",1278.59,10
"1125","2021-06-01",0,1924,"1924. 삼부르네상스파크빌","일일권","","30대",1,"55.76","0.37",1600,11
"1141","2021-06-01",0,2086,"2086.삼일수영장 앞","일일권","","50대",1,"33.87","0.28",1204.63,9
"1143","2021-06-01",0,583,"583. 청계천 생태교실 앞","일일권","","50대",1,"0.00","0.00",0,9
"1155","2021-06-01",0,371,"371. 동대입구역 6번출구 뒤","일일권","F","20대",1,"13.29","0.16",699.31,6
"1158","2021-06-01",0,378,"378. 청계7가 사거리","일일권","F","20대",2,"35.00","0.38",1637.9,11
"1160","2021-06-01",0,152,"152. 마포구민체육센터 앞","일일권","F","20대",1,"30.03","0.29",1263.89,6
"1163","2021-06-01",0,549,"549. 아차산역 3번출구","일일권","F","20대",1,"44.35","0.40",1723.16,10
"1166","2021-06-01",0,247,"247. 당산역 10번출구 앞","일일권","F","20대",1,"4.46","0.05",208.48,5
"1170","2021-06-01",0,931,"931. 역촌파출소","일일권","F","20대",1,"17.30","0.19",840,5
"1178","2021-06-01",0,446,"446. 상명대입구","일일권","F","20대",1,"73.66","0.43",1860,11
"1189","2021-06-01",0,2116,"2116. 에이스에이존빌딩","일일권","F","30대",1,"11.40","0.11",480,3
"1192","2021-06-01",0,729,"729. 서부식자재마트 건너편","일일권","M","~10대",1,"29.34","0.30",1300,6
"1194","2021-06-01",0,1659,"1659. 중계동 을지중학교","일일권","M","~10대",1,"22.47","0.19",834.36,5
"1196","2021-06-01",0,754,"754. 목동1단지아파트 118동 앞","일일권","M","~10대",1,"20.84","0.15",634.2,5
"1200","2021-06-01",0,1192,"1192. 마곡수명산파크 209동 건너편","일일권","M","~10대",1,"18.01","0.16",678.79,5
"1203","2021-06-01",0,2905,"2905.중계주공6단지","일일권","M","~10대",1,"27.90","0.18",782.8,6
"1206","2021-06-01",0,4002,"4002. 상계주공 14단지 상가 앞","일일권","M","~10대",1,"30.27","0.23",980.05,6
"1207","2021-06-01",0,4514,"4514. 목동성당 앞","일일권","M","~10대",1,"14.41","0.13",560,10
"1210","2021-06-01",0,252,"252. 보라매역4번출구","일일권","M","~10대",1,"15.01","0.14",583.22,6
"1212","2021-06-01",0,946,"946. 독바위역 ","일일권","M","20대",1,"27.83","0.22",949.84,5
"1217","2021-06-01",0,1448,"1448. 코스트코 상봉점","일일권","M","20대",1,"29.95","0.30",1281.74,11
"1219","2021-06-01",0,1983,"1983. 구로동롯데아파트","일일권","M","20대",1,"46.14","0.44",1910,11
"1222","2021-06-01",0,274,"274. 영등포역지하쇼핑센타 5번출구","일일권","M","20대",1,"70.10","0.38",1639.18,8
"1227","2021-06-01",0,280,"280. 양평동6차현대아파트 앞","일일권","M","20대",1,"14.95","0.13",580.72,5
"1228","2021-06-01",0,2505,"2505. 우성아파트사거리 (기업은행앞)","일일권","M","20대",1,"20.53","0.19",810,4
"1234","2021-06-01",0,2184,"2184. 구암초등학교 버스정류장","일일권","M","20대",1,"52.97","0.41",1759.91,11
"1241","2021-06-01",0,371,"371. 동대입구역 6번출구 뒤","일일권","M","20대",1,"20.33","0.17",713.18,8
"1244","2021-06-01",0,2915,"2915.서울과학기술대학교(어학교육원)","일일권","M","20대",1,"0.00","0.00",0,6
"1246","2021-06-01",0,498,"498.연남동주민센터 앞","일일권","M","20대",1,"36.93","0.35",1528.99,9
"1253","2021-06-01",0,996,"996.응암역 1번출구","일일권","M","20대",1,"41.70","0.38",1620,10
"1267","2021-06-01",0,4483,"4483. 잠실나들목4","일일권","M","20대",1,"0.01","0.00",0.29,1
"1274","2021-06-01",0,701,"701. 목동사거리 부근","일일권","M","20대",1,"32.39","0.23",973.87,7
"1275","2021-06-01",0,702,"702. 목4동주민센터 옆","일일권","M","20대",1,"30.84","0.29",1236.32,8
"1280","2021-06-01",0,266,"266. 영등포청과시장 사거리","일일권","M","20대",1,"17.29","0.15",651.56,3
"1281","2021-06-01",0,584,"584. 광진광장 교통섬","일일권","M","20대",1,"31.80","0.27",1147.09,5
"1285","2021-06-01",0,103,"103. 망원역 2번출구 앞","일일권","M","20대",1,"53.64","0.46",1991.8,11
"1289","2021-06-01",0,1525,"1525. 미아동 복합청사","일일권","M","20대",1,"31.81","0.25",1071.06,8
"1291","2021-06-01",0,2020,"2020. 장승배기역2번출구뒷편쪽","일일권","M","20대",1,"35.93","0.31",1334.27,7
"1292","2021-06-01",0,2105,"2105. 미성동 신림체육센터","일일권","M","20대",1,"39.25","0.31",1357.75,10
"1298","2021-06-01",0,1914,"1914. 대림역4번출구","일일권","M","20대",1,"0.00","0.00",0,7
"1304","2021-06-01",0,2294,"2294. 두상빌딩 앞","일일권","M","30대",1,"24.38","0.19",810,4
"1305","2021-06-01",0,1049,"1049. 강일리버파크 10단지","일일권","M","30대",1,"38.97","0.29",1230,7
"1308","2021-06-01",0,2620,"2620. 송파나루역 4번 출구옆","일일권","M","30대",1,"38.72","0.29",1270,8
"1311","2021-06-01",0,670,"670.삼육서울병원 버스정류장","일일권","M","30대",1,"35.85","0.29",1240,11
"1319","2021-06-01",0,1320,"1320. LG베스트샵 종암점","일일권","M","30대",1,"50.45","0.45",1960,10
"1323","2021-06-01",0,3505,"3505. 신양초교앞 교차로","일일권","M","30대",1,"26.09","0.25",1080,7
"1332","2021-06-01",0,826,"826. 서울역 서부교차로2","일일권","M","40대",1,"42.52","0.34",1471.02,6
"1333","2021-06-01",0,1264,"1264. 천호역 10번 출구 앞","일일권","M","50대",1,"36.57","0.43",1847.2,7
"1344","2021-06-01",0,2111,"2111. 서울대입구역 1번출구","단체권","","20대",1,"13.07","0.10",440,4
"1350","2021-06-01",0,582,"582. 경일중학교 앞","일일권","","~10대",1,"20.84","0.20",877.15,7
"1391","2021-06-01",0,1090,"1090.상일동역 2번출구 앞","정기권","","~10대",1,"40.19","0.34",1450,8
"1396","2021-06-01",0,3102,"3102. 연희삼거리","정기권","","20대",1,"56.55","0.57",2462.2,10
"1398","2021-06-01",0,1965,"1965. 삼환로즈빌아파트 105동 옆","정기권","","20대",1,"52.65","0.43",1872.75,10
"1399","2021-06-01",0,1973,"1973. 오리로와 서해안도로 교차로 앞","정기권","","20대",1,"31.93","0.29",1240.5,10
"1400","2021-06-01",0,1984,"1984. 구로구청","정기권","","20대",1,"16.91","0.14",610,5
"1401","2021-06-01",0,1668,"1668. 중계역 6번출구","정기권","","20대",1,"21.72","0.18",783.54,8
"1403","2021-06-01",0,1451,"1451. 중랑세무서","정기권","","20대",1,"29.70","0.27",1153.71,9
"1404","2021-06-01",0,1455,"1455. 상봉역 2번 출구","정기권","","20대",1,"22.95","0.21",919.95,3
"1405","2021-06-01",0,1681,"1681. 현대6차 아파트","정기권","","20대",1,"35.56","0.32",1381.47,7
"1411","2021-06-01",0,788,"788.양천구청역 2번출구 옆","정기권","","20대",1,"0.00","0.00",0,3
"1413","2021-06-01",0,2917,"2917.신창중학교 후문 맞은편 버스정류장","정기권","","20대",1,"38.78","0.35",1530,10
"1418","2021-06-01",0,162,"162. 봉원고가차도 밑","정기권","","20대",1,"37.98","0.32",1370,5
"1419","2021-06-01",0,668,"668.서울축산농협(장안지점)","정기권","","20대",1,"44.37","0.31",1350,6
"1420","2021-06-01",0,3560,"3560.성동구 견인차량 보관소 앞","정기권","","20대",1,"19.31","0.17",750,5
"1421","2021-06-01",0,2095,"2095.경문고등학교 앞","정기권","","20대",1,"24.88","0.24",1047.23,7
"1423","2021-06-01",0,4619,"4619. 한강트럼프월드3차 앞","정기권","","20대",1,"24.35","0.22",946.16,5
"1428","2021-06-01",0,4813,"4813. 망우로 버거킹 앞","정기권","","20대",1,"8.22","0.09",384.55,3
"1429","2021-06-01",0,4303,"4303. 매헌역 2번출구앞광역버스 정류장앞(22-297)","정기권","","20대",1,"9.78","0.09",380,3
"1431","2021-06-01",0,4026,"4026. 상계주공1단지아파트","정기권","","20대",1,"53.51","0.56",2413,11
"1435","2021-06-01",0,569,"569. 응봉현대아파트 정류소","정기권","","20대",1,"24.32","0.13",548.27,3
"1438","2021-06-01",0,263,"263. 근로자회관 사거리","정기권","","20대",1,"45.27","0.38",1656.68,8
"1441","2021-06-01",0,588,"588. 뚝섬 유원지역","정기권","","20대",1,"35.88","0.35",1510,10
"1442","2021-06-01",0,1011,"1011. LIGA 아파트 앞","정기권","","20대",1,"9.12","0.11",480,9
"1443","2021-06-01",0,1019,"1019. 다성이즈빌아파트(호원대 대각선 맞은편)","정기권","","20대",1,"41.09","0.34",1461.53,7
"1446","2021-06-01",0,1408,"1408. 먹골역 6번출구 앞","정기권","","20대",1,"60.94","0.49",2108.22,11
"1447","2021-06-01",0,1611,"1611. 과기대 입구(우)","정기권","","20대",1,"11.34","0.13",572.78,4
"1451","2021-06-01",0,2015,"2015. 신대방삼거리역 6번출구쪽","정기권","","20대",1,"37.14","0.31",1340,7
"1453","2021-06-01",0,2220,"2220. 반포본동 주민센터 앞","정기권","","20대",1,"29.92","0.25",1079.2,9
"1457","2021-06-01",0,2252,"2252. 하이브랜드 앞","정기권","","20대",1,"70.05","0.32",1360.78,6
"1458","2021-06-01",0,417,"417. DMC역 2번출구 옆","정기권","","20대",1,"0.00","0.00",0,7
"1460","2021-06-01",0,3501,"3501. 광진구청 앞","정기권","","20대",1,"11.81","0.10",438.56,4
"1463","2021-06-01",0,1028,"1028. 포레스 주상복합 빌딩","정기권","","30대",1,"28.59","0.24",1046.52,5
"1464","2021-06-01",0,1268,"1268. 몽촌토성역 1번출구 옆","정기권","","30대",1,"51.96","0.34",1457.85,8
"1465","2021-06-01",0,3514,"3514. 왕십리교회옆","정기권","","30대",1,"34.53","0.25",1090,6
"1467","2021-06-01",0,1985,"1985. 구로도서관","정기권","","30대",1,"0.00","0.00",0,3
"1469","2021-06-01",0,1173,"1173. 강서구청사거리(SH타워)","정기권","","30대",1,"7.30","0.07",283.79,1
"1474","2021-06-01",0,2525,"2525.반포쇼핑타운 2동 앞","정기권","","30대",1,"40.75","0.32",1390.54,6
"1478","2021-06-01",0,3570,"3570.구의역 리버비스타 오피스텔","정기권","","30대",1,"20.67","0.13",580,4
"1479","2021-06-01",0,2089,"2089.사당역10번출구(금강빌딩)","정기권","","30대",1,"17.70","0.15",667.17,4
"1480","2021-06-01",0,2095,"2095.경문고등학교 앞","정기권","","30대",2,"27.98","0.24",1054.78,5
"1482","2021-06-01",0,4611,"4611. 국제루터교회 앞","정기권","","30대",1,"58.89","0.41",1749.47,8
"1485","2021-06-01",0,255,"255. 도림사거리","정기권","","30대",1,"32.08","0.31",1350.27,6
"1487","2021-06-01",0,1637,"1637. KT 노원점 건물 앞","정기권","","30대",1,"52.83","0.34",1450,8
"1488","2021-06-01",0,1709,"1709. 쌍문역4번출구 주변","정기권","","30대",1,"30.67","0.26",1138.85,5
"1489","2021-06-01",0,2107,"2107. 도림천 신화교","정기권","","30대",1,"16.46","0.17",716.77,5
"1490","2021-06-01",0,2220,"2220. 반포본동 주민센터 앞","정기권","","30대",1,"24.33","0.17",740.13,4
"1491","2021-06-01",0,1117,"1117. 스타벅스앞","정기권","","30대",1,"43.49","0.42",1830.45,11
"1492","2021-06-01",0,1416,"1416. 상봉역 3번출구","정기권","","30대",1,"35.49","0.24",1030,5
"1495","2021-06-01",0,735,"735. 영도초등학교","정기권","","40대",1,"37.38","0.27",1180,5
"1502","2021-06-01",0,2190,"2190.도원맨션","정기권","","40대",1,"27.54","0.20",858.47,5
"1509","2021-06-01",0,900,"900. 은평예술회관","정기권","","40대",1,"34.84","0.34",1466.48,8
"1514","2021-06-01",0,2127,"2127. 보성운수차고지 맞은편","정기권","","40대",1,"51.78","0.45",1922.99,10
"1515","2021-06-01",0,1416,"1416. 상봉역 3번출구","정기권","","40대",1,"22.91","0.18",781.68,4
"1517","2021-06-01",0,1442,"1442. (구)신한은행 중랑교지점","정기권","","50대",1,"21.88","0.16",708.44,3
"1521","2021-06-01",0,1357,"1357. 북한산보국문역","정기권","","50대",1,"60.49","0.47",2010,9
"1524","2021-06-01",0,4353,"4353. 코오롱디지털타워 3차앞","정기권","","50대",1,"16.47","0.15",640,4
"1525","2021-06-01",0,4654,"4654. OK부동산 앞","정기권","","50대",1,"12.81","0.10",425.65,5
"1526","2021-06-01",0,4112,"4112. 신이문빗물펌프장 옆","정기권","","50대",1,"31.61","0.26",1140.44,8
"1527","2021-06-01",0,549,"549. 아차산역 3번출구","정기권","","50대",1,"0.00","0.00",0,6
"1530","2021-06-01",0,574,"574. 아차산역4번출구","정기권","","50대",1,"3.60","0.03",141.9,1
"1540","2021-06-01",0,2921,"2921.중계역 2번출구","정기권","","60대",1,"35.24","0.27",1155.72,6
"1541","2021-06-01",0,1743,"1743.창동19단지아파트 관리사무소앞","정기권","","60대",1,"10.82","0.08",364.42,3
"1545","2021-06-01",0,3105,"3105. 홍은센트레빌 아파트 앞","정기권","F","~10대",1,"5.06","0.07",283.73,3
"1546","2021-06-01",0,1974,"1974. 신도림2차e편한세상아파트 203동 앞","정기권","F","20대",1,"23.52","0.23",990,6
"1548","2021-06-01",0,2177,"2177. 신대방역 2번 출구","정기권","F","20대",1,"17.82","0.21",900,5
"1549","2021-06-01",0,1373,"1373. 성북구보건소 건너편","정기권","F","20대",1,"8.61","0.11",472.63,2
"1551","2021-06-01",0,2521,"2521.서초 크로바타워 앞","정기권","F","20대",1,"26.63","0.27",1180,8
"1556","2021-06-01",0,3560,"3560.성동구 견인차량 보관소 앞","정기권","F","20대",1,"0.00","0.00",0,5
"1558","2021-06-01",0,4004,"4004. 당고개입구오거리 당현천변","정기권","F","20대",1,"13.94","0.14",586.6,4
"1560","2021-06-01",0,1112,"1112. 마곡엠밸리4단지 정문","정기권","F","20대",1,"33.91","0.31",1317.53,9
"1563","2021-06-01",0,2102,"2102. 봉림교 교통섬","정기권","F","20대",1,"32.94","0.37",1599.89,11
"1564","2021-06-01",0,1214,"1214. 오금역 7번 출구 인근","정기권","F","20대",1,"17.06","0.17",730,4
"1565","2021-06-01",0,590,"590. 건국대학교 (입학정보관)","정기권","F","20대",1,"16.76","0.18",769.63,5
"1573","2021-06-01",0,2116,"2116. 에이스에이존빌딩","정기권","F","30대",1,"10.30","0.09",400,3
"1574","2021-06-01",0,2239,"2239.교대역 6번출구","정기권","F","30대",1,"16.51","0.21",906.42,7
"1577","2021-06-01",0,1012,"1012. 서울 상운차량","정기권","F","40대",1,"0.00","0.00",0,5
"1579","2021-06-01",0,2614,"2614. 가락고등학교 앞","정기권","F","50대",1,"10.21","0.11",460.31,4
"1584","2021-06-01",0,731,"731. 서울시 도로환경관리센터","정기권","M","~10대",1,"52.24","0.32",1360,7
"1587","2021-06-01",0,2617,"2617. 가락삼환아파트 앞","정기권","M","~10대",1,"58.84","0.43",1857.45,11
"1589","2021-06-01",0,1928,"1928. 고척스카이돔구장 광장","정기권","M","~10대",1,"13.59","0.12",520,2
"1590","2021-06-01",0,1125,"1125. 명덕고교입구(영종빌딩)","정기권","M","~10대",1,"26.98","0.21",884.93,7
"1591","2021-06-01",0,1526,"1526. 수유동 채선당앞","정기권","M","20대",1,"41.45","0.20",851.02,4
"1592","2021-06-01",0,1529,"1529. 미아동 한국전력공사","정기권","M","20대",1,"22.96","0.13",562.91,7
"1593","2021-06-01",0,3102,"3102. 연희삼거리","정기권","M","20대",1,"8.43","0.08",327.36,2
"1599","2021-06-01",0,958,"958. 신한은행 응암동 지점 앞","정기권","M","20대",1,"11.59","0.07",318.06,5
"1601","2021-06-01",0,1372,"1372. KEB은행 고대점","정기권","M","20대",1,"0.00","0.00",0,6
"1612","2021-06-01",0,3778,"3778. 김포공항입구 교차로","정기권","M","20대",1,"45.75","0.36",1540.24,7
"1613","2021-06-01",0,540,"540. 군자역 7번출구 베스트샵 앞","정기권","M","20대",1,"30.17","0.27",1172.18,8
"1615","2021-06-01",0,4008,"4008. 하계 어린이 공원","정기권","M","20대",1,"33.45","0.32",1362.55,8
"1617","2021-06-01",0,4408,"4408. 돌곶이역 앞","정기권","M","20대",1,"36.88","0.28",1194.09,9
"1622","2021-06-01",0,635,"635. 시조사 앞 (청량고정문 옆)","정기권","M","20대",1,"85.77","0.61",2641.38,11
"1625","2021-06-01",0,720,"720. 서울강월초등학교 앞","정기권","M","20대",1,"22.57","0.13",570,2
"1628","2021-06-01",0,1010,"1010. 강동세무서","정기권","M","20대",1,"37.43","0.32",1390,8
"1629","2021-06-01",0,1022,"1022. 길동 사거리(초소앞)","정기권","M","20대",1,"11.58","0.09",390,11
"1635","2021-06-01",0,2102,"2102. 봉림교 교통섬","정기권","M","20대",1,"0.00","0.00",0,5
"1637","2021-06-01",0,2112,"2112. 서울대입구역 마에스트로","정기권","M","20대",1,"18.28","0.16",710,3
"1638","2021-06-01",0,2033,"2033. 사당동 아르테스 웨딩앞","정기권","M","20대",1,"25.76","0.23",1000.75,11
"1639","2021-06-01",0,1018,"1018. 둔촌 주공 GS 맞은편","정기권","M","20대",1,"20.69","0.20",842.79,5
"1640","2021-06-01",0,1115,"1115. 등촌역 1번출구옆","정기권","M","20대",1,"9.06","0.06",260,2
"1641","2021-06-01",0,1416,"1416. 상봉역 3번출구","정기권","M","20대",1,"50.05","0.37",1579.79,8
"1642","2021-06-01",0,502,"502. 뚝섬유원지역 1번출구 앞","정기권","M","20대",1,"27.62","0.22",930,6
"1643","2021-06-01",0,511,"511. 서울숲역 4번 출구 옆","정기권","M","30대",1,"49.86","0.39",1678.71,11
"1651","2021-06-01",0,1537,"1537. 북한산 우이역","정기권","M","30대",1,"57.92","0.45",1950,8
"1653","2021-06-01",0,839,"839. 보광동 삼성리버빌아파트 앞","정기권","M","30대",1,"0.00","0.00",0,4
"1657","2021-06-01",0,2177,"2177. 신대방역 2번 출구","정기권","M","30대",1,"31.30","0.22",930,5
"1660","2021-06-01",0,3417,"3417.창신3동주민센터","정기권","M","30대",1,"32.22","0.26",1130.04,7
"1661","2021-06-01",0,2521,"2521.서초 크로바타워 앞","정기권","M","30대",1,"35.65","0.28",1200.42,9
"1662","2021-06-01",0,1867,"1867.대륭포스트타워6차 앞","정기권","M","30대",1,"26.86","0.22",969.03,5
"1668","2021-06-01",0,170,"170. 가재울 뉴타운 주유소 옆","정기권","M","30대",1,"12.64","0.09",375.59,4
"1671","2021-06-01",0,795,"795.양천 해누리타운","정기권","M","30대",1,"0.00","0.00",0,3
"1673","2021-06-01",0,3714,"3714. 송천센트레빌","정기권","M","30대",1,"0.00","0.00",0,4
"1674","2021-06-01",0,3778,"3778. 김포공항입구 교차로","정기권","M","30대",1,"0.00","0.00",0,1
"1675","2021-06-01",0,4123,"4123. 배봉초교 교차로","정기권","M","30대",1,"38.12","0.26",1132.4,7
"1679","2021-06-01",0,583,"583. 청계천 생태교실 앞","정기권","M","30대",1,"46.63","0.36",1570,8
"1680","2021-06-01",0,577,"577. 광진청소년수련관","정기권","M","30대",1,"29.22","0.19",820,5
"1681","2021-06-01",0,1105,"1105. 방화근린공원","정기권","M","30대",1,"0.00","0.00",0,6
"1683","2021-06-01",0,1308,"1308. 안암로터리 버스정류장 앞","정기권","M","30대",1,"73.46","0.39",1701.81,10
"1685","2021-06-01",0,1210,"1210. 롯데월드타워(잠실역2번출구 쪽)","정기권","M","30대",1,"8.03","0.06",260,3
"1694","2021-06-01",0,361,"361. 동묘앞역 1번출구 뒤","정기권","M","40대",1,"0.00","0.00",0,4
"1696","2021-06-01",0,2808,"2808.항동지구 2단지 202동 앞","정기권","M","40대",1,"11.80","0.08",350.45,2
"1699","2021-06-01",0,2905,"2905.중계주공6단지","정기권","M","40대",1,"7.18","0.04",176.08,2
"1701","2021-06-01",0,853,"853.용산역 맞은편","정기권","M","40대",1,"22.74","0.17",726.75,3
"1702","2021-06-01",0,867,"867.서빙고역 광장(1번출구)","정기권","M","40대",1,"54.35","0.42",1830,8
"1705","2021-06-01",0,2081,"2081.대방1차 e편한세상 앞","정기권","M","40대",1,"20.20","0.20",850,6
"1707","2021-06-01",0,539,"539. 군자교교차로","정기권","M","40대",1,"32.73","0.20",879.19,6
"1715","2021-06-01",0,633,"633. 청량리 기업은행 앞","정기권","M","40대",1,"52.57","0.39",1659.49,9
"1716","2021-06-01",0,634,"634. 외국어대 정문 앞","정기권","M","40대",1,"24.28","0.22",943.18,11
"1721","2021-06-01",0,1029,"1029. 롯데 시네마","정기권","M","50대",1,"40.43","0.29",1230,8
"1722","2021-06-01",0,1535,"1535. 효성인텔리안 앞","정기권","M","50대",1,"0.00","0.00",0,7
"1723","2021-06-01",0,2173,"2173. 당곡사거리","정기권","M","50대",1,"24.78","0.19",834.3,6
"1724","2021-06-01",0,1451,"1451. 중랑세무서","정기권","M","50대",1,"0.00","0.00",0,3
"1727","2021-06-01",0,287,"287. 영등포전화국사거리 (서강어린이공원)","정기권","M","50대",1,"8.17","0.06",264.56,1
"1728","2021-06-01",0,2631,"2631.배명고등학교","정기권","M","50대",1,"30.37","0.25",1080,7
"1729","2021-06-01",0,1774,"1774.반석교회(쌍문동)","정기권","M","50대",1,"3.66","0.03",142.09,2
"1734","2021-06-01",0,4110,"4110. 용두롯데캐슬리치아파트 앞","정기권","M","50대",1,"17.61","0.16",683.99,5
"1735","2021-06-01",0,542,"542. 강변역 4번출구 뒤","정기권","M","50대",1,"30.97","0.27",1150,7
"1736","2021-06-01",0,546,"546. 잠실대교북단 교차로","정기권","M","50대",1,"37.76","0.29",1254.59,11
"1737","2021-06-01",0,4013,"4013. 중계 롯데마트","정기권","M","50대",1,"15.73","0.15",661.92,4
"1738","2021-06-01",0,565,"565. 옥수역 3번출구","정기권","M","50대",1,"30.31","0.27",1177.68,5
"1744","2021-06-01",0,3505,"3505. 신양초교앞 교차로","정기권","M","50대",1,"0.00","0.00",0,8
"1747","2021-06-01",0,3518,"3518. 군자역 7번출구뒤","정기권","M","60대",1,"48.41","0.38",1630,10
"1748","2021-06-01",0,281,"281. 신동아아파트 앞","정기권","M","60대",1,"33.20","0.30",1290,9
"1751","2021-06-01",0,2739,"2739.수명산파크1단지교차로","정기권","M","60대",1,"37.15","0.28",1218.21,7
"1752","2021-06-01",0,540,"540. 군자역 7번출구 베스트샵 앞","정기권","M","60대",1,"39.27","0.34",1480,9
"1753","2021-06-01",0,3504,"3504. 원일교회","정기권","M","60대",1,"32.95","0.26",1109.48,8
"1756","2021-06-01",1,1167,"1167. 마곡수명산파크3단지 교차로","정기권","","~10대",1,"43.87","0.43",1846.25,11
"1757","2021-06-01",1,1286,"1286. 위례중앙푸르지오 1단지 앞","정기권","","~10대",1,"7.69","0.08",352.98,4
"1758","2021-06-01",1,763,"763. 목동11단지 아파트","정기권","","~10대",1,"43.59","0.40",1720,11
"1759","2021-06-01",1,1182,"1182. KBS 스포츠월드","정기권","","~10대",1,"36.78","0.30",1290,6
"1760","2021-06-01",1,2179,"2179. 양녕로 입구","정기권","","~10대",1,"0.00","0.00",0,3
"1761","2021-06-01",1,1199,"1199. 우장산역 3번출구","정기권","","~10대",1,"36.76","0.29",1237.77,7
"1762","2021-06-01",1,771,"771.목동아파트 703동 앞","정기권","","~10대",1,"11.58","0.11",464.03,3
"1764","2021-06-01",1,2919,"2919.등나무 근린공원(시립북서울미술관 앞) ","정기권","","~10대",1,"14.49","0.14",590,3
"1766","2021-06-01",1,3569,"3569.건대병원후문","정기권","","~10대",1,"39.61","0.37",1587.89,9
"1768","2021-06-01",1,3764,"3764. 관문주유소(GS칼택스) 앞","정기권","","~10대",1,"21.67","0.18",760,3
"1771","2021-06-01",1,4317,"4317. 양재근린공원","정기권","","~10대",1,"45.10","0.46",1963.72,11
"1774","2021-06-01",1,1708,"1708. 보건소사거리(다비치안경창동점)","정기권","","~10대",1,"14.89","0.15",648.39,8
"1775","2021-06-01",1,1207,"1207. 마천CU우방점 앞","정기권","","~10대",1,"19.86","0.18",760,3
"1776","2021-06-01",1,2255,"2255.시민의숲역 1번출구 옆","정기권","","~10대",1,"8.02","0.11",460,5
"1777","2021-06-01",1,1117,"1117. 스타벅스앞","정기권","","~10대",1,"5.42","0.06",240,1
"1779","2021-06-01",1,737,"737. 장수공원","정기권","","20대",1,"0.00","0.00",0,1
"1782","2021-06-01",1,1029,"1029. 롯데 시네마","정기권","","20대",2,"24.64","0.20",848.72,7
"1783","2021-06-01",1,1153,"1153. 발산역 1번, 9번 인근 대여소","정기권","","20대",1,"16.77","0.18",770,5
"1786","2021-06-01",1,1442,"1442. (구)신한은행 중랑교지점","정기권","","20대",1,"0.00","0.00",0,5
"1787","2021-06-01",1,1446,"1446. 중랑전화국 교차로","정기권","","20대",1,"14.54","0.13",540,8
"1789","2021-06-01",1,513,"513. 뚝섬역 5번 출구 정류소 옆","정기권","","20대",1,"0.00","0.00",0,9
"1792","2021-06-01",1,1846,"1846. 롯데캐슬골드파크1차 동문","정기권","","20대",1,"14.93","0.13",554.42,4
"1793","2021-06-01",1,2373,"2373. 개포동역 사거리","정기권","","20대",1,"13.80","0.10",410,1
"1794","2021-06-01",1,1962,"1962. 가리봉동주민센터","정기권","","20대",1,"27.30","0.23",984.97,5
"1795","2021-06-01",1,2167,"2167. 낙성대역 1번출구","정기권","","20대",1,"33.86","0.30",1295.43,8
"1796","2021-06-01",1,3518,"3518. 군자역 7번출구뒤","정기권","","20대",1,"29.42","0.27",1142.87,10
"1797","2021-06-01",1,1726,"1726. 삼익세라믹아파트교차로","정기권","","20대",1,"27.93","0.19",839.63,4
"1798","2021-06-01",1,828,"828. 숙대입구역 8번","정기권","","20대",1,"1.89","0.02",88.17,3
"1801","2021-06-01",1,1737,"1737. 하나은행 (창동점)","정기권","","20대",1,"18.95","0.15",655.41,3
"1805","2021-06-01",1,342,"342. 대학로 마로니에공원","정기권","","20대",1,"0.44","0.05",222.39,2
"1807","2021-06-01",1,452,"452. 동대문 종합시장 버스정류장","정기권","","20대",1,"12.83","0.16",674.8,5
"1808","2021-06-01",1,454,"454. 종로2가 버스정류장 (종각방향)","정기권","","20대",1,"11.34","0.13",540.37,8
"1809","2021-06-01",1,456,"456. 숭인2동 주민센터 입구 (이강3대냉면)","정기권","","20대",1,"41.12","0.32",1366.41,8
"1810","2021-06-01",1,1545,"1545. 솔샘역 2번 출구","정기권","","20대",1,"54.27","0.35",1522.83,6
"1811","2021-06-01",1,461,"461. 서울지방경찰청","정기권","","20대",1,"44.53","0.40",1730,10
"1812","2021-06-01",1,661,"661. 경희대학교 청운관","정기권","","20대",1,"37.80","0.32",1383.26,6
"1813","2021-06-01",1,1059,"1059. 래미안 강동팰리스(102동)","정기권","","20대",1,"42.63","0.36",1560,6
"1814","2021-06-01",1,657,"657. 동대문롯데캐슬아파트 앞","정기권","","20대",1,"20.59","0.23",1000,7
"1818","2021-06-01",1,3422,"3422.성균관대 정문","정기권","","20대",1,"28.59","0.25",1061.83,11
"1819","2021-06-01",1,1070,"1070.(시립)고덕평생학습관","정기권","","20대",1,"18.58","0.16",690,4
"1820","2021-06-01",1,2528,"2528.함지박 사거리","정기권","","20대",1,"21.88","0.20",850,5
"1821","2021-06-01",1,381,"381. 장충체육관","정기권","","20대",1,"21.68","0.28",1190,8
"1822","2021-06-01",1,771,"771.목동아파트 703동 앞","정기권","","20대",1,"13.18","0.15",640.28,5
"1824","2021-06-01",1,2711,"2711.가로공원공영주차장 1번 출구","정기권","","20대",1,"32.69","0.29",1270,7
"1826","2021-06-01",1,864,"864.순천향대학병원(한남오거리)","정기권","","20대",1,"59.23","0.50",2136.63,10
"1827","2021-06-01",1,3122,"3122.북가좌삼거리2","정기권","","20대",1,"58.74","0.46",1977.73,10
"1829","2021-06-01",1,170,"170. 가재울 뉴타운 주유소 옆","정기권","","20대",1,"24.88","0.22",966.4,8
"1830","2021-06-01",1,670,"670.삼육서울병원 버스정류장","정기권","","20대",1,"36.83","0.31",1328.74,10
"1833","2021-06-01",1,3570,"3570.구의역 리버비스타 오피스텔","정기권","","20대",1,"27.75","0.22",960,9
"1834","2021-06-01",1,3579,"3579.광진 캠퍼스시티","정기권","","20대",1,"33.25","0.30",1312.11,5
"1835","2021-06-01",1,794,"794.양천문화회관","정기권","","20대",1,"26.62","0.28",1200.34,9
"1840","2021-06-01",1,4453,"4453. 위례중앙푸르지오 201동 앞","정기권","","20대",1,"49.52","0.45",1923.98,10
"1841","2021-06-01",1,4852,"4852. 서울복합물류 게이트 1","정기권","","20대",1,"65.64","0.52",2240,10
"1842","2021-06-01",1,3803,"3803. 세븐일레븐 신림점","정기권","","20대",1,"0.00","0.00",0,5
"1846","2021-06-01",1,4025,"4025. 한천교 동편","정기권","","20대",1,"13.89","0.11",461.58,9
"1848","2021-06-01",1,4665,"4665. 김영혜손뜨개 앞","정기권","","20대",1,"0.00","0.00",0,0
"1850","2021-06-01",1,247,"247. 당산역 10번출구 앞","정기권","","20대",1,"32.13","0.28",1193.28,5
"1851","2021-06-01",1,711,"711. 신일해피트리아파트 앞","정기권","","20대",1,"0.00","0.00",0,3
"1854","2021-06-01",1,558,"558. 성동광진 교육지원청 앞","정기권","","20대",1,"28.57","0.27",1145.01,6
"1857","2021-06-01",1,634,"634. 외국어대 정문 앞","정기권","","20대",1,"0.00","0.00",0,6
"1858","2021-06-01",1,230,"230. 영등포구청역 1번출구","정기권","","20대",1,"17.14","0.15",636.59,7
"1859","2021-06-01",1,719,"719. 홍익병원앞 교차로","정기권","","20대",1,"0.00","0.00",0,5
"1864","2021-06-01",1,1109,"1109. 공항시장역 4번출구","정기권","","20대",1,"0.00","0.00",0,6
"1869","2021-06-01",1,1413,"1413. 봉화산역 5번출구 뒤","정기권","","20대",1,"32.94","0.33",1410,6
"1874","2021-06-01",1,225,"225. 앙카라공원 앞","정기권","","20대",1,"63.57","0.43",1866.5,10
"1879","2021-06-01",1,2342,"2342. 대청역 1번출구  뒤","정기권","","20대",1,"23.02","0.24",1020,8
"1881","2021-06-01",1,1407,"1407. 먹골역 1번출구 뒤","정기권","","20대",1,"9.25","0.08",333.59,11
"1882","2021-06-01",1,1416,"1416. 상봉역 3번출구","정기권","","20대",1,"31.07","0.30",1307.48,8
"1883","2021-06-01",1,1431,"1431. 중랑구청 사거리","정기권","","20대",1,"44.39","0.44",1900,8
"1887","2021-06-01",1,1218,"1218. 방이역 4번출구","정기권","","20대",1,"27.87","0.24",1020,10
"1888","2021-06-01",1,1328,"1328. 월곡역 3번출구","정기권","","20대",1,"14.94","0.13",580.46,5
"1889","2021-06-01",1,1501,"1501. 미아역 3번,4번 출구 사이","정기권","","20대",1,"0.00","0.00",0,5
"1897","2021-06-01",1,1288,"1288. 문정중교 사거리","정기권","","30대",1,"34.10","0.27",1148.26,5
"1898","2021-06-01",1,329,"329. 청계2가 사거리 옆","정기권","","30대",1,"0.00","0.00",0,5
"1901","2021-06-01",1,336,"336. 티마크 호텔 앞","정기권","","30대",1,"0.00","0.00",0,9
"1904","2021-06-01",1,1693,"1693. 원자력 병원","정기권","","30대",1,"18.94","0.21",920,3
"1906","2021-06-01",1,2641,"2641.송파역 4번출구","정기권","","30대",1,"14.61","0.12",505.31,4
"1907","2021-06-01",1,1072,"1072.고덕역 5번출구","정기권","","30대",1,"36.08","0.29",1231.31,5
"1908","2021-06-01",1,2540,"2540.반포천 앞","정기권","","30대",1,"22.75","0.15",638.31,8
"1910","2021-06-01",1,1751,"1751. 창원초등학교 교차로","정기권","","30대",1,"17.78","0.16",670.05,6
"1912","2021-06-01",1,2195,"2195.은천교회","정기권","","30대",1,"10.98","0.09",385.18,2
"1916","2021-06-01",1,3966,"3966. 독산역1번출구 옆","정기권","","30대",1,"22.28","0.17",750,3
"1919","2021-06-01",1,561,"561. 서울숲역 2번출구 앞","정기권","","30대",1,"5.05","0.04",170,4
"1920","2021-06-01",1,263,"263. 근로자회관 사거리","정기권","","30대",1,"35.43","0.29",1260,8
"1922","2021-06-01",1,585,"585. 성수2가1동 공영주차장 인근","정기권","","30대",1,"20.61","0.16",693.97,5
"1923","2021-06-01",1,1131,"1131. 꿈돌이공원 앞","정기권","","30대",1,"49.29","0.36",1555.96,11
"1925","2021-06-01",1,1410,"1410. 면목 대원칸타빌아파트","정기권","","30대",1,"23.53","0.19",813.96,5
"1928","2021-06-01",1,1106,"1106. 신방화사거리","정기권","","30대",1,"35.95","0.20",881.31,6
"1931","2021-06-01",1,729,"729. 서부식자재마트 건너편","정기권","","40대",1,"48.23","0.47",2030,11
"1932","2021-06-01",1,1262,"1262. 송파여성문화회관 앞","정기권","","40대",1,"0.00","0.00",0,4
"1935","2021-06-01",1,275,"275. 신동아아파트","정기권","","40대",1,"15.54","0.14",603.56,5
"1936","2021-06-01",1,1359,"1359. 장위뉴타운 꿈에 숲 코오롱 하늘채 앞","정기권","","40대",1,"0.00","0.00",0,10
"1937","2021-06-01",1,1283,"1283. 오금공원 사거리","정기권","","40대",1,"63.88","0.44",1897.68,7
"1940","2021-06-01",1,1175,"1175. 대한항공 인력개발센터","정기권","","40대",1,"2.81","0.03",141.9,8
"1941","2021-06-01",1,845,"845. 용산 선인상가","정기권","","40대",1,"19.19","0.20",850,6
"1943","2021-06-01",1,2521,"2521.서초 크로바타워 앞","정기권","","40대",1,"24.90","0.17",739.73,5
"1945","2021-06-01",1,382,"382. 약수역 10번출구 앞","정기권","","40대",1,"23.68","0.21",920,9
"1948","2021-06-01",1,3582,"3582.화양동 우체국","정기권","","40대",1,"36.37","0.38",1640,11
"1949","2021-06-01",1,4604,"4604. 원효로다목적체육관 앞","정기권","","40대",1,"39.50","0.29",1246.91,11
"1952","2021-06-01",1,4019,"4019. 상계주공10단지 버스정류소","정기권","","40대",1,"34.75","0.31",1350,10
"1953","2021-06-01",1,613,"613. 신설동역 10번출구 앞","정기권","","40대",1,"20.25","0.15",639.33,4
"1957","2021-06-01",1,1012,"1012. 서울 상운차량","정기권","","40대",1,"24.02","0.24",1045.89,4
"1961","2021-06-01",1,1437,"1437. 늘푸른공원 앞","정기권","","40대",1,"26.88","0.22",930,6
"1962","2021-06-01",1,1636,"1636. 백병원 사거리 농협은행 앞","정기권","","40대",1,"10.81","0.10",420,3
"1966","2021-06-01",1,3505,"3505. 신양초교앞 교차로","정기권","","40대",1,"43.63","0.43",1836.31,8
"1968","2021-06-01",1,1035,"1035. 고덕역 4번출구","정기권","","50대",1,"17.76","0.14",590,5
"1970","2021-06-01",1,1448,"1448. 코스트코 상봉점","정기권","","50대",1,"18.58","0.16",690,5
"1971","2021-06-01",1,1529,"1529. 미아동 한국전력공사","정기권","","50대",1,"8.91","0.10",450,2
"1973","2021-06-01",1,2059,"2059. 보라매공원 정문","정기권","","50대",1,"31.60","0.31",1330.15,8
"1974","2021-06-01",1,3506,"3506. 영동대교 북단","정기권","","50대",1,"21.50","0.17",743.71,3
"1976","2021-06-01",1,2170,"2170. 조원동서울본병원","정기권","","50대",1,"28.60","0.26",1110.95,6
"1979","2021-06-01",1,2281,"2281. 연세사랑병원신관앞","정기권","","50대",1,"14.12","0.13",548.65,4
"1980","2021-06-01",1,830,"830. 청암자이아파트앞","정기권","","50대",1,"26.11","0.22",969.51,9
"1981","2021-06-01",1,2171,"2171. 서울대입구역 5번출구","정기권","","50대",1,"18.22","0.18",793.1,5
"1983","2021-06-01",1,1049,"1049. 강일리버파크 10단지","정기권","","50대",1,"27.64","0.22",956.06,7
"1984","2021-06-01",1,1278,"1278. 송파구청 교차로","정기권","","50대",1,"22.14","0.20",860,6
"1985","2021-06-01",1,1738,"1738. 창동주공17단지 상가앞","정기권","","50대",1,"21.72","0.20",843.69,5
"1987","2021-06-01",1,959,"959. 구파발10단지 인근","정기권","","50대",1,"5.09","0.04",176.1,5
"1988","2021-06-01",1,755,"755. 목동1단지아파트 상가 앞","정기권","","50대",1,"51.33","0.42",1800.4,11
"1989","2021-06-01",1,339,"339. 종로4가 사거리","정기권","","50대",1,"25.64","0.19",819.72,3
"1990","2021-06-01",1,2406,"2406. 논현동 광명빌딩 앞","정기권","","50대",1,"7.65","0.06",264.59,6
"1991","2021-06-01",1,1545,"1545. 솔샘역 2번 출구","정기권","","50대",1,"38.10","0.30",1300,5
"1993","2021-06-01",1,286,"286. 우성아파트 교차로","정기권","","50대",1,"49.65","0.36",1567.39,8
"1996","2021-06-01",1,2638,"2638.쌍용아파트","정기권","","50대",1,"39.08","0.29",1249.29,3
"1997","2021-06-01",1,2639,"2639.석촌역 8번출구","정기권","","50대",1,"0.00","0.00",0,3
"1998","2021-06-01",1,770,"770.목동역5번출구 교통정보센터 앞","정기권","","50대",1,"33.94","0.28",1190.25,8
"2000","2021-06-01",1,1754,"1754. 창동시장입구 사거리","정기권","","50대",1,"29.34","0.26",1140,5
"2002","2021-06-01",1,154,"154. 마포구청역 ","정기권","","50대",1,"0.00","0.00",0,5
"2003","2021-06-01",1,1552,"1552. 강북구청사거리(던킨도너츠 앞)","정기권","","50대",1,"31.56","0.26",1107.06,7
"2005","2021-06-01",1,984,"984.상신초등학교앞 버스정류장","정기권","","50대",1,"6.64","0.06",239.4,4
"2006","2021-06-01",1,2084,"2084.e편한세상 상도노빌리티 앞","정기권","","50대",1,"55.36","0.44",1915.13,9
"2011","2021-06-01",1,3615,"3615. 서울 논현동우체국 앞","정기권","","50대",1,"35.56","0.29",1230,11
"2013","2021-06-01",1,4507,"4507. 삼성전자서비스 신정센터","정기권","","50대",1,"47.99","0.33",1425.72,8
"2014","2021-06-01",1,254,"254. 도림신협 앞","정기권","","50대",1,"40.84","0.30",1289.24,10
"2016","2021-06-01",1,194,"194. 증산교 앞","정기권","","50대",1,"0.00","0.00",0,2
"2020","2021-06-01",1,627,"627. 장안동삼거리 교통섬","정기권","","50대",1,"53.20","0.45",1919.27,7
"2021","2021-06-01",1,138,"138. 신촌동 제1공영주차장 앞","정기권","","50대",1,"21.07","0.18",760,4
"2022","2021-06-01",1,634,"634. 외국어대 정문 앞","정기권","","50대",1,"30.59","0.24",1030,7
"2024","2021-06-01",1,272,"272. 당산육갑문","정기권","","50대",1,"23.77","0.19",833.63,7
"2027","2021-06-01",1,1135,"1135. 강서구의회","정기권","","50대",1,"5.99","0.05",222.39,2
"2028","2021-06-01",1,1235,"1235. 잠실트리지움310동 옆","정기권","","50대",1,"49.62","0.40",1716.54,11
"2030","2021-06-01",1,1334,"1334. 석관동주민센터 앞","정기권","","50대",1,"36.14","0.29",1250,6
"2031","2021-06-01",1,1709,"1709. 쌍문역4번출구 주변","정기권","","50대",1,"45.07","0.41",1750.78,9
"2032","2021-06-01",1,1515,"1515. 송천동 주민센터","정기권","","50대",1,"15.44","0.14",600,3
"2033","2021-06-01",1,1911,"1911. 구로디지털단지역 앞","정기권","","50대",1,"32.16","0.27",1160,8
"2034","2021-06-01",1,1930,"1930. 개봉지구대 개봉치안센터","정기권","","50대",1,"23.46","0.17",750,3
"2037","2021-06-01",1,1608,"1608. 공릉역 1번 출구 앞","정기권","","50대",1,"15.53","0.12",530,5
"2038","2021-06-01",1,1106,"1106. 신방화사거리","정기권","","50대",1,"24.66","0.21",889.56,4
"2039","2021-06-01",1,1431,"1431. 중랑구청 사거리","정기권","","50대",1,"32.76","0.36",1560.85,7
"2040","2021-06-01",1,2263,"2263. 바우뫼문화복지회관","정기권","","50대",1,"31.37","0.28",1218.56,6
"2042","2021-06-01",1,1440,"1440. 하나은행 면목지점","정기권","","50대",1,"27.32","0.27",1150,7
"2043","2021-06-01",1,2357,"2357. 르네상스호텔사거리 역삼지하보도 3번출구 앞 (더 오번 빌딩 명동칼국수 앞)","정기권","","50대",1,"16.07","0.14",624.22,2
"2044","2021-06-01",1,3501,"3501. 광진구청 앞","정기권","","50대",1,"34.98","0.28",1226.99,9
"2046","2021-06-01",1,2365,"2365. K+ 타워 앞","정기권","","60대",1,"31.37","0.22",931.83,4
"2048","2021-06-01",1,646,"646. 장한평역 1번출구 (국민은행앞)","정기권","","60대",1,"35.56","0.29",1230,9
"2051","2021-06-01",1,461,"461. 서울지방경찰청","정기권","","60대",1,"12.61","0.11",490,5
"2052","2021-06-01",1,3541,"3541. 커먼그라운드","정기권","","60대",1,"34.89","0.30",1276.88,7
"2053","2021-06-01",1,2618,"2618. 삼전역 1번출구","정기권","","60대",1,"18.28","0.16",710,4
"2057","2021-06-01",1,1464,"1464.중화역 4번출구","정기권","","60대",1,"0.00","0.00",0,7
"2058","2021-06-01",1,4854,"4854. 가락시장역 2번 출구","정기권","","60대",1,"21.59","0.18",757.12,6
"2059","2021-06-01",1,4318,"4318. 방배역 2번 출구","정기권","","60대",1,"0.00","0.00",0,6
"2061","2021-06-01",1,3675,"3675. 강동리버스트8단지","정기권","","60대",1,"31.04","0.28",1187.61,9
"2063","2021-06-01",1,268,"268. 그랜드컨벤션센터 앞","정기권","","60대",1,"16.91","0.15",637.33,3
"2064","2021-06-01",1,933,"933. LG서비스 역촌점","정기권","","60대",1,"23.16","0.19",812.16,6
"2065","2021-06-01",1,1102,"1102. 방화사거리 마을버스 버스정류장","정기권","","60대",1,"11.69","0.10",410,3
"2067","2021-06-01",1,1955,"1955. 디지털입구 교차로","정기권","","60대",1,"42.97","0.36",1550,8
"2068","2021-06-01",1,939,"939. 은평구청 교차로","정기권","","70대~",1,"21.88","0.20",850,6
"2069","2021-06-01",1,2601,"2601. 석촌호수 서호사거리","정기권","","70대~",1,"14.12","0.13",548.69,3
"2070","2021-06-01",1,1616,"1616. 하계2동 공항버스정류장 옆","정기권","","70대~",1,"31.92","0.29",1240,9
"2072","2021-06-01",1,2235,"2235.KT 서초지사 앞","정기권","F","~10대",1,"47.23","0.46",1987.92,8
"2074","2021-06-01",1,1044,"1044. 굽은다리역","정기권","F","20대",1,"21.23","0.21",893.35,4
"2077","2021-06-01",1,1337,"1337. 돈암성당 옆","정기권","F","20대",1,"32.24","0.39",1696.37,11
"2078","2021-06-01",1,1663,"1663. 동해문화예술관앞","정기권","F","20대",1,"19.82","0.18",770,10
"2079","2021-06-01",1,1726,"1726. 삼익세라믹아파트교차로","정기권","F","20대",1,"0.00","0.00",0,11
"2082","2021-06-01",1,658,"658. 촬영소 사거리","정기권","F","20대",1,"40.54","0.43",1861.51,9
"2084","2021-06-01",1,481,"481.신당역 10번 출구","정기권","F","20대",1,"21.45","0.22",933.97,7
"2085","2021-06-01",1,3417,"3417.창신3동주민센터","정기권","F","20대",1,"17.82","0.21",899.91,10
"2086","2021-06-01",1,1080,"1080.엘웨딩","정기권","F","20대",1,"26.69","0.32",1375.7,10
"2088","2021-06-01",1,296,"296.KT플라자 영등포점","정기권","F","20대",1,"35.04","0.31",1320.74,11
"2089","2021-06-01",1,2904,"2904.중계3차청구아파트","정기권","F","20대",1,"0.00","0.00",0,5
"2090","2021-06-01",1,1767,"1767.태양중앙교회 앞","정기권","F","20대",1,"0.00","0.00",0,3
"2091","2021-06-01",1,3582,"3582.화양동 우체국","정기권","F","20대",1,"10.86","0.10",421.74,3
"2092","2021-06-01",1,3865,"3865. 이튼타워리버 2차","정기권","F","20대",1,"33.27","0.37",1585.22,10
"2094","2021-06-01",1,601,"601. 용신동주민센터","정기권","F","20대",1,"28.16","0.37",1580,8
"2100","2021-06-01",1,1009,"1009. 천호역4번출구(현대백화점)","정기권","F","20대",1,"12.06","0.08",350,2
"2102","2021-06-01",1,217,"217. NH농협은행 앞","정기권","F","20대",1,"15.25","0.16",700,3
"2106","2021-06-01",1,1429,"1429. 장안중학교","정기권","F","20대",1,"25.04","0.29",1240,11
"2108","2021-06-01",1,1218,"1218. 방이역 4번출구","정기권","F","20대",1,"46.33","0.45",1950,10
"2109","2021-06-01",1,1243,"1243. 문정 법조단지7","정기권","F","20대",1,"13.02","0.12",505.67,3
"2111","2021-06-01",1,1854,"1854. 가산아네스트 오피스텔 앞","정기권","F","30대",1,"0.00","0.00",0,5
"2112","2021-06-01",1,2615,"2615. 테라타워2","정기권","F","30대",1,"16.11","0.17",726.41,6
"2119","2021-06-01",1,1407,"1407. 먹골역 1번출구 뒤","정기권","F","30대",1,"0.00","0.00",0,4
"2120","2021-06-01",1,1512,"1512. 강북중학교 앞","정기권","F","30대",1,"25.54","0.28",1194.2,9
"2121","2021-06-01",1,1411,"1411. 상봉시장앞 교차로 한성빌딩 앞","정기권","F","30대",1,"0.00","0.00",0,2
"2123","2021-06-01",1,3505,"3505. 신양초교앞 교차로","정기권","F","30대",1,"18.73","0.17",727.81,4
"2126","2021-06-01",1,972,"972. 수색역","정기권","F","40대",1,"7.10","0.05",230,4
"2127","2021-06-01",1,797,"797.목동아파트 1422동 1434동 사잇길","정기권","F","40대",1,"10.42","0.10",438.66,7
"2130","2021-06-01",1,1090,"1090.상일동역 2번출구 앞","정기권","F","50대",1,"31.35","0.21",910,6
"2131","2021-06-01",1,3600,"3600.사근빗물펌프장 건너편","정기권","F","50대",1,"30.81","0.23",984.71,7
"2132","2021-06-01",1,613,"613. 신설동역 10번출구 앞","정기권","F","50대",1,"54.86","0.36",1539.25,10
"2134","2021-06-01",1,4659,"4659. 커피데이응암동지점","정기권","F","70대~",1,"33.16","0.19",837.3,5
"2138","2021-06-01",1,1530,"1530. 광산사거리","정기권","M","~10대",1,"16.59","0.15",664.86,5
"2140","2021-06-01",1,3510,"3510. 중곡SK아파트앞","정기권","M","~10대",1,"28.26","0.21",915.04,4
"2141","2021-06-01",1,1171,"1171. 염창동 새마을금고 건너편 (모닝글로리)","정기권","M","~10대",1,"31.73","0.28",1195.73,6
"2143","2021-06-01",1,1068,"1068.명일파출소","정기권","M","~10대",1,"23.31","0.19",817.72,2
"2145","2021-06-01",1,1868,"1868.우리은행 시흥남자동화점 앞","정기권","M","~10대",1,"34.53","0.25",1090,4
"2146","2021-06-01",1,2904,"2904.중계3차청구아파트","정기권","M","~10대",1,"0.00","0.00",0,7
"2154","2021-06-01",1,1113,"1113. 서남환경공원 버스정류장","정기권","M","~10대",1,"0.00","0.00",0,4
"2158","2021-06-01",1,1032,"1032. 선사고등학교","정기권","M","20대",1,"0.00","0.00",0,7
"2159","2021-06-01",1,1251,"1251. 석촌역 2번출구","정기권","M","20대",1,"41.88","0.33",1410,9
"2163","2021-06-01",1,2058,"2058. 노량진동 맥도널드앞","정기권","M","20대",1,"7.64","0.07",296.91,4
"2164","2021-06-01",1,1339,"1339. 삼성전자서비스 성북센터","정기권","M","20대",1,"10.01","0.09",371.8,3
"2165","2021-06-01",1,1348,"1348. 성북제일새마을금고 본점 앞","정기권","M","20대",1,"4.54","0.05",208.35,2
"2166","2021-06-01",1,1662,"1662. 노원역7번출구","정기권","M","20대",1,"25.66","0.21",900,8
"2168","2021-06-01",1,2176,"2176. 보라매공원 보도육교","정기권","M","20대",1,"6.44","0.06",250,5
"2170","2021-06-01",1,1362,"1362. 보문역6번출구 앞","정기권","M","20대",1,"23.49","0.31",1318.17,11
"2172","2021-06-01",1,1736,"1736. 버스정류장 앞","정기권","M","20대",1,"0.00","0.00",0,5
"2175","2021-06-01",1,1299,"1299. 송파소방서 (방이119안전센터)","정기권","M","20대",1,"0.00","0.00",0.1,4
"2179","2021-06-01",1,3533,"3533. 건대입구역 사거리(롯데백화점)","정기권","M","20대",1,"29.09","0.31",1335.83,11
"2185","2021-06-01",1,1080,"1080.엘웨딩","정기권","M","20대",1,"47.37","0.36",1553.53,9
"2188","2021-06-01",1,2818,"2818.천왕이펜하우스3단지 앞","정기권","M","20대",1,"27.37","0.25",1063.37,9
"2189","2021-06-01",1,770,"770.목동역5번출구 교통정보센터 앞","정기권","M","20대",1,"36.12","0.28",1200.14,8
"2191","2021-06-01",1,2720,"2720.힐스테이트에코","정기권","M","20대",1,"28.60","0.27",1146.56,7
"2194","2021-06-01",1,2739,"2739.수명산파크1단지교차로","정기권","M","20대",1,"0.00","0.00",0,5
"2197","2021-06-01",1,492,"492.성산시영아파트 후문","정기권","M","20대",1,"70.74","0.55",2350.56,9
"2200","2021-06-01",1,1461,"1461.동양엔파트 앞","정기권","M","20대",1,"33.18","0.28",1196.94,7
"2203","2021-06-01",1,3905,"3905. 희훈타워빌 앞","정기권","M","20대",1,"22.85","0.21",887.55,8
"2204","2021-06-01",1,4117,"4117. 휘경119안전센터 앞","정기권","M","20대",1,"38.23","0.30",1304.53,8
"2205","2021-06-01",1,3798,"3798. 그랜드아이파크아파트 앞","정기권","M","20대",1,"30.51","0.26",1100.51,7
"2206","2021-06-01",1,124,"124. 서강대 정문 건너편","정기권","M","20대",1,"9.93","0.09",380,2
"2209","2021-06-01",1,609,"609. 제기2교","정기권","M","20대",1,"0.00","0.00",0,10
"2210","2021-06-01",1,4514,"4514. 목동성당 앞","정기권","M","20대",1,"32.87","0.32",1383.51,10
"2213","2021-06-01",1,623,"623. 서울시립대 정문 앞","정기권","M","20대",1,"39.17","0.35",1521.78,8
"2217","2021-06-01",1,931,"931. 역촌파출소","정기권","M","20대",1,"61.98","0.49",2115.18,10
"2218","2021-06-01",1,1009,"1009. 천호역4번출구(현대백화점)","정기권","M","20대",1,"28.51","0.23",1000,6
"2220","2021-06-01",1,1610,"1610. 화랑대역 2번출구 앞","정기권","M","20대",1,"26.18","0.23",986.71,8
"2222","2021-06-01",1,2002,"2002. 노들역 1번출구","정기권","M","20대",1,"8.23","0.06",270,1
"2224","2021-06-01",1,2105,"2105. 미성동 신림체육센터","정기권","M","20대",1,"21.90","0.18",790,4
"2226","2021-06-01",1,2302,"2302. 교보타워 버스정류장(신논현역 3번출구 후면)","정기권","M","20대",1,"19.19","0.17",745.5,7
"2228","2021-06-01",1,1106,"1106. 신방화사거리","정기권","M","20대",1,"24.59","0.19",827.99,5
"2230","2021-06-01",1,1125,"1125. 명덕고교입구(영종빌딩)","정기권","M","20대",1,"36.78","0.25",1080,6
"2232","2021-06-01",1,2003,"2003. 사육신공원앞","정기권","M","20대",1,"17.76","0.16",690,5
"2235","2021-06-01",1,1243,"1243. 문정 법조단지7","정기권","M","20대",1,"0.00","0.00",0,3
"2238","2021-06-01",1,500,"500. 어린이대공원역 3번출구 앞","정기권","M","20대",1,"29.19","0.27",1170,11
"2240","2021-06-01",1,732,"732. 신월동 이마트","정기권","M","30대",1,"35.28","0.31",1350,5
"2241","2021-06-01",1,1026,"1026. 대명초교 입구 교차로","정기권","M","30대",1,"26.13","0.24",1015.23,4
"2242","2021-06-01",1,1445,"1445. 용마지구대","정기권","M","30대",1,"22.72","0.18",785.98,4
"2248","2021-06-01",1,1733,"1733. 방학사거리 (봄마당 앞)","정기권","M","30대",1,"0.00","0.00",0,6
"2249","2021-06-01",1,962,"962. 은평뉴타운 힐데스하임","정기권","M","30대",1,"3.37","0.03",141.83,2
"2251","2021-06-01",1,1174,"1174. 강서구청사거리(부민병원)","정기권","M","30대",1,"49.23","0.44",1912.72,11
"2253","2021-06-01",1,1293,"1293. 석촌호교차로 (스타벅스 앞)","정기권","M","30대",1,"0.00","0.00",0,5
"2254","2021-06-01",1,454,"454. 종로2가 버스정류장 (종각방향)","정기권","M","30대",1,"43.28","0.29",1256.3,8
"2256","2021-06-01",1,461,"461. 서울지방경찰청","정기권","M","30대",1,"26.62","0.24",1034.17,7
"2257","2021-06-01",1,2610,"2610. 여흥레이크빌 앞 (석촌호수 까페거리)","정기권","M","30대",1,"0.00","0.00",0,6
"2260","2021-06-01",1,481,"481.신당역 10번 출구","정기권","M","30대",1,"35.65","0.28",1200.17,10
"2261","2021-06-01",1,1073,"1073.SSTS 몰 앞","정기권","M","30대",1,"0.00","0.00",0,2
"2264","2021-06-01",1,3202,"3202.당산롯데캐슬프레스티지","정기권","M","30대",1,"28.97","0.23",1002.25,7
"2265","2021-06-01",1,114,"114. 홍대입구역 8번출구 앞","정기권","M","30대",1,"28.97","0.30",1306.39,9
"2268","2021-06-01",1,3010,"3010.홍대입구역 3번출구","정기권","M","30대",1,"37.62","0.29",1266.65,6
"2273","2021-06-01",1,1573,"1573.현대성우아파트 옆","정기권","M","30대",1,"43.43","0.34",1462.34,11
"2274","2021-06-01",1,4105,"4105. 하나은행 장안동지점앞","정기권","M","30대",1,"62.34","0.42",1830.55,8
"2277","2021-06-01",1,262,"262. 영문초등학교 사거리","정기권","M","30대",1,"38.81","0.32",1400,5
"2280","2021-06-01",1,2112,"2112. 서울대입구역 마에스트로","정기권","M","30대",1,"26.37","0.21",900,7
"2282","2021-06-01",1,1231,"1231. 잠실역 6번출구","정기권","M","30대",1,"27.62","0.22",930,5
"2284","2021-06-01",1,500,"500. 어린이대공원역 3번출구 앞","정기권","M","30대",1,"44.07","0.37",1590,10
"2286","2021-06-01",1,1449,"1449. 상봉역 1번출구","정기권","M","40대",1,"26.07","0.23",1012.65,5
"2288","2021-06-01",1,764,"764. 목동청소년수련관","정기권","M","40대",1,"0.00","0.00",0,5
"2294","2021-06-01",1,481,"481.신당역 10번 출구","정기권","M","40대",1,"17.11","0.14",617.37,2
"2295","2021-06-01",1,2430,"2430.강남파이낸스센터앞(역삼역2번출구)","정기권","M","40대",1,"22.68","0.17",743.87,5
"2296","2021-06-01",1,382,"382. 약수역 10번출구 앞","정기권","M","40대",1,"0.00","0.00",0,5
"2298","2021-06-01",1,984,"984.상신초등학교앞 버스정류장","정기권","M","40대",1,"0.00","0.00",0,5
"2300","2021-06-01",1,546,"546. 잠실대교북단 교차로","정기권","M","40대",1,"45.94","0.34",1450,7
"2302","2021-06-01",1,609,"609. 제기2교","정기권","M","40대",1,"74.53","0.57",2476.42,11
"2303","2021-06-01",1,4024,"4024. 꿈의숲 SK뷰 아파트","정기권","M","40대",1,"1.33","0.01",40,10
"2306","2021-06-01",1,568,"568. 청계8가사거리 부근","정기권","M","40대",1,"32.51","0.26",1124.68,7
"2308","2021-06-01",1,553,"553. 중곡 성원APT 앞","정기권","M","40대",1,"35.71","0.30",1288.41,10
"2309","2021-06-01",1,917,"917. 녹번역 4번출구","정기권","M","40대",1,"58.73","0.42",1830.82,7
"2311","2021-06-01",1,1139,"1139. 용문사 버스정류장","정기권","M","40대",1,"18.35","0.16",681.48,4
"2313","2021-06-01",1,1435,"1435. 능산삼거리","정기권","M","40대",1,"37.99","0.30",1314.02,8
"2317","2021-06-01",1,2351,"2351. 청소년수련관(수영장)앞","정기권","M","40대",1,"25.44","0.25",1070.91,9
"2318","2021-06-01",1,1025,"1025. 상일초등학교","정기권","M","50대",1,"52.42","0.36",1557.44,9
"2319","2021-06-01",1,1038,"1038. 강일 다솜 어린이 공원","정기권","M","50대",1,"0.00","0.00",0,2
"2322","2021-06-01",1,2274,"2274. 양재시민의숲역 3번출구","정기권","M","50대",1,"6.69","0.06",260,2
"2324","2021-06-01",1,3508,"3508. 화양사거리","정기권","M","50대",1,"45.10","0.31",1340,8
"2326","2021-06-01",1,646,"646. 장한평역 1번출구 (국민은행앞)","정기권","M","50대",1,"35.94","0.28",1210,11
"2327","2021-06-01",1,652,"652. 답십리 래미안엘파인아파트 입구","정기권","M","50대",1,"46.26","0.42",1797.3,11
"2333","2021-06-01",1,3535,"3535. 중곡사거리(국민은행)","정기권","M","50대",1,"33.72","0.30",1310,11
"2335","2021-06-01",1,1999,"1999. 수궁동 성당 주변","정기권","M","50대",1,"37.57","0.34",1459.76,5
"2336","2021-06-01",1,2656,"2656.풍납동 아이파크 107동 앞","정기권","M","50대",1,"54.89","0.40",1732.55,11
"2337","2021-06-01",1,2525,"2525.반포쇼핑타운 2동 앞","정기권","M","50대",1,"16.38","0.13",551.67,3
"2340","2021-06-01",1,1381,"1381.석계역 4번출구 뒤","정기권","M","50대",1,"33.69","0.22",966.82,4
"2341","2021-06-01",1,1391,"1391.성북청소년센터","정기권","M","50대",1,"14.37","0.13",550,4
"2342","2021-06-01",1,121,"121. 마포소방서 앞","정기권","M","50대",1,"16.99","0.15",660,4
"2343","2021-06-01",1,3578,"3578.중곡동 파크웨이빌딩","정기권","M","50대",1,"26.28","0.19",840,9
"2344","2021-06-01",1,3586,"3586.군자역 비채온 오피스텔","정기권","M","50대",1,"58.02","0.45",1953.4,11
"2348","2021-06-01",1,3772,"3772. 길성그랑프리텔아파트","정기권","M","50대",1,"22.65","0.21",907.86,5
"2349","2021-06-01",1,539,"539. 군자교교차로","정기권","M","50대",1,"22.07","0.20",857.58,7
"2352","2021-06-01",1,4009,"4009. 월계프라자","정기권","M","50대",1,"36.02","0.25",1070.25,9
"2354","2021-06-01",1,709,"709. 신정3동 현장민원실 앞","정기권","M","50대",1,"32.35","0.29",1256.81,5
"2355","2021-06-01",1,194,"194. 증산교 앞","정기권","M","50대",1,"0.00","0.00",0,5
"2356","2021-06-01",1,195,"195. 모래내고가차도 ","정기권","M","50대",1,"43.00","0.39",1670.37,10
"2357","2021-06-01",1,263,"263. 근로자회관 사거리","정기권","M","50대",1,"36.60","0.29",1232.39,8
"2358","2021-06-01",1,268,"268. 그랜드컨벤션센터 앞","정기권","M","50대",1,"13.54","0.10",416.97,4
"2361","2021-06-01",1,1011,"1011. LIGA 아파트 앞","정기권","M","50대",1,"0.00","0.00",0,9
"2362","2021-06-01",1,1012,"1012. 서울 상운차량","정기권","M","50대",1,"52.72","0.35",1512.89,7
"2363","2021-06-01",1,1021,"1021. 강일동 리슈빌 빌딩앞","정기권","M","50대",1,"57.81","0.45",1946.49,9
"2364","2021-06-01",1,1124,"1124. 발산역 6번 출구 뒤","정기권","M","50대",1,"61.53","0.43",1871.93,9
"2365","2021-06-01",1,1132,"1132. 등촌역 7번출구","정기권","M","50대",1,"0.00","0.00",0,11
"2366","2021-06-01",1,1326,"1326. 상월곡역 1번출구","정기권","M","50대",1,"43.08","0.32",1360,6
"2367","2021-06-01",1,1616,"1616. 하계2동 공항버스정류장 옆","정기권","M","50대",1,"55.60","0.54",2340,11
"2369","2021-06-01",1,1901,"1901. 신도림동주민센터 앞","정기권","M","50대",1,"13.57","0.11",456.86,7
"2373","2021-06-01",1,2302,"2302. 교보타워 버스정류장(신논현역 3번출구 후면)","정기권","M","50대",1,"0.00","0.00",0,11
"2375","2021-06-01",1,2339,"2339. 현대아파트 정문 앞","정기권","M","50대",1,"29.89","0.26",1110,9
"2377","2021-06-01",1,1706,"1706. 기업은행 앞","정기권","M","50대",1,"35.21","0.28",1201.41,6
"2382","2021-06-01",1,146,"146. 마포역 2번출구 뒤","정기권","M","60대",1,"51.96","0.38",1640,11
"2384","2021-06-01",1,3571,"3571.화양 APT(횡단보도 옆)","정기권","M","60대",1,"30.65","0.21",900,9
"2385","2021-06-01",1,524,"524. 래미안금호하이리버 아파트 102동 옆","정기권","M","60대",1,"11.79","0.11",457.91,5
"2394","2021-06-01",1,1226,"1226. 잠실4동 주민센터 옆","정기권","M","60대",1,"0.00","0.00",0.1,7
"2395","2021-06-01",1,411,"411. DMC홍보관","정기권","M","60대",1,"47.99","0.40",1731.07,10
"2397","2021-06-01",1,2352,"2352. 서울본부세관(건설회관 앞)","정기권","M","60대",1,"39.22","0.30",1303.31,8
"2398","2021-06-01",1,646,"646. 장한평역 1번출구 (국민은행앞)","정기권","M","70대~",1,"33.21","0.30",1290.35,7
"2400","2021-06-01",1,2326,"2326. 대치동 삼성로","정기권","M","70대~",1,"17.21","0.16",668.8,4
"2401","2021-06-01",1,743,"743. 현대6차아파트 101동 옆","일일권","","~10대",1,"50.03","0.40",1707.25,8
"2402","2021-06-01",1,1969,"1969. 궁동생태공원","일일권","","~10대",1,"6.53","0.05",222.86,7
"2403","2021-06-01",1,1974,"1974. 신도림2차e편한세상아파트 203동 앞","일일권","","~10대",1,"40.78","0.36",1536.93,8
"2407","2021-06-01",1,1756,"1756.서울북부광역등기국","일일권","","~10대",1,"52.66","0.39",1683.18,8
"2410","2021-06-01",1,4463,"4463. 방이역 2번 출구","일일권","","~10대",1,"44.63","0.45",1942.99,9
"2411","2021-06-01",1,4522,"4522. 다이소신곡시장점","일일권","","~10대",1,"27.94","0.24",1037.53,6
"2414","2021-06-01",1,1937,"1937. 한진아파트 입구","일일권","","~10대",1,"43.47","0.24",1016.43,6
"2416","2021-06-01",1,743,"743. 현대6차아파트 101동 옆","일일권","","20대",1,"0.36","0.00",10,2
"2417","2021-06-01",1,1028,"1028. 포레스 주상복합 빌딩","일일권","","20대",1,"11.48","0.12",500,4
"2427","2021-06-01",1,3506,"3506. 영동대교 북단","일일권","","20대",1,"22.43","0.24",1030,8
"2429","2021-06-01",1,3515,"3515. 서울숲 관리사무소","일일권","","20대",1,"7.98","0.09",380,5
"2444","2021-06-01",1,1683,"1683. 노원문화예술회관","일일권","","20대",1,"117.23","0.76",3289.38,11
